61.0,278.0,1
101.0,1028.0,1
485.0,2259.0,1
40.0,191.0,1
40.0,191.0,1
15.0,54.0,1
4.0,112.0,1
11.0,49.0,1
445.0,1257.0,1
43.0,749.0,1
6.0,21.0,1
11.0,184.0,1
61.0,261.0,1
7.0,25.0,1
24.0,205.0,1
55.0,249.0,1
31.0,107.0,1
95.0,461.0,1
4.0,70.0,1
91.0,186.0,1
9.0,23.0,1
66.0,2259.0,1
12.0,34.0,1
5.0,69.0,1
22.0,82.0,1
66.0,2258.0,1
22.0,82.0,1
12.0,47.0,1
11.0,36.0,1
66.0,129.0,1
10.0,59.0,1
11.0,43.0,1
11.0,89.0,1
5.0,17.0,1
30.0,264.0,1
6.0,25.0,1
12.0,29.0,1
78.0,239.0,1
61.0,186.0,1
121.0,285.0,1
30.0,226.0,1
12.0,28.0,1
12.0,28.0,1
4.0,68.0,1
38.0,339.0,1
130.0,774.0,1
12.0,442.0,1
8.0,94.0,1
193.0,3040.0,1
40.0,898.0,1
12.0,33.0,1
30.0,179.0,1
43.0,750.0,1
17.0,69.0,1
30.0,176.0,1
30.0,106.0,1
59.0,146.0,1
8.0,51.0,1
61.0,200.0,1
121.0,284.0,1
66.0,249.0,1
11.0,66.0,1
8.0,75.0,1
15.0,96.0,1
34.0,180.0,1
34.0,121.0,1
47.0,194.0,1
3.0,17.0,1
66.0,303.0,1
59.0,141.0,1
287.0,290.0,1
61.0,187.0,1
121.0,281.0,1
13.0,110.0,1
78.0,236.0,1
245.0,318.0,1
16.0,100.0,1
45.0,1066.0,1
15.0,175.0,1
5.0,10.0,1
29.0,114.0,1
280.0,519.0,1
8.0,61.0,1
9.0,43.0,1
27.0,118.0,1
64.0,213.0,1
20.0,158.0,1
26.0,107.0,1
144.0,845.0,1
23.0,38.0,1
140.0,194.0,1
193.0,3038.0,1
763.0,2453.0,1
763.0,2453.0,1
12.0,102.0,1
32.0,91.0,1
61.0,313.0,1
61.0,222.0,1
17.0,191.0,1
19.0,114.0,1
3.0,30.0,1
131.0,292.0,1
22.0,66.0,1
131.0,292.0,1
22.0,66.0,1
131.0,292.0,1
22.0,66.0,1
22.0,168.0,1
22.0,66.0,1
60.0,74.0,1
7.0,36.0,1
27.0,67.0,1
79.0,211.0,1
6.0,78.0,1
38.0,507.0,1
19.0,146.0,1
96.0,588.0,1
96.0,583.0,1
304.0,308.0,1
140.0,195.0,1
96.0,588.0,1
96.0,583.0,1
595.0,2413.0,1
149.0,982.0,1
49.0,278.0,1
101.0,657.0,1
53.0,164.0,1
33.0,170.0,1
13.0,114.0,1
335.0,450.0,1
78.0,285.0,1
12.0,95.0,1
19.0,144.0,1
24.0,174.0,1
25.0,76.0,1
31.0,730.0,1
31.0,730.0,1
21.0,304.0,1
2.0,11.0,1
11.0,69.0,1
21.0,304.0,1
23.0,36.0,1
595.0,2413.0,1
23.0,36.0,1
2.0,13.0,1
27.0,77.0,1
21.0,304.0,1
132.0,1001.0,1
35.0,123.0,1
18.0,131.0,1
19.0,114.0,1
140.0,190.0,1
3.0,33.0,1
16.0,120.0,1
19.0,203.0,1
11.0,38.0,1
186.0,291.0,1
46.0,117.0,1
107.0,200.0,1
99.0,607.0,1
99.0,642.0,1
12.0,102.0,1
38.0,437.0,1
13.0,119.0,1
12.0,102.0,1
22.0,111.0,1
34.0,108.0,1
61.0,260.0,1
132.0,944.0,1
33.0,172.0,1
71.0,566.0,1
48.0,574.0,1
19.0,172.0,1
16.0,130.0,1
15.0,49.0,1
18.0,85.0,1
2.0,11.0,1
28.0,152.0,1
121.0,326.0,1
18.0,85.0,1
300.0,694.0,1
62.0,537.0,1
107.0,179.0,1
28.0,153.0,1
7.0,68.0,1
1.0,7.0,1
14.0,303.0,1
60.0,66.0,1
85.0,240.0,1
46.0,96.0,1
5.0,51.0,1
43.0,164.0,1
12.0,101.0,1
132.0,979.0,1
48.0,574.0,1
11.0,63.0,1
68.0,181.0,1
48.0,574.0,1
68.0,180.0,1
17.0,91.0,1
140.0,212.0,1
78.0,255.0,1
78.0,256.0,1
47.0,144.0,1
30.0,363.0,1
19.0,137.0,1
16.0,121.0,1
43.0,165.0,1
13.0,81.0,1
1038.0,1733.0,1
62.0,537.0,1
11.0,61.0,1
223.0,233.0,1
68.0,180.0,1
18.0,57.0,1
41.0,94.0,1
20.0,965.0,1
20.0,965.0,1
583.0,1329.0,1
61.0,242.0,1
12.0,102.0,1
12.0,91.0,1
363.0,841.0,1
49.0,476.0,1
10.0,143.0,1
10.0,143.0,1
43.0,305.0,1
30.0,354.0,1
16.0,95.0,1
140.0,156.0,1
47.0,1087.0,1
19.0,145.0,1
132.0,955.0,1
13.0,88.0,1
418.0,519.0,1
3.0,32.0,1
3.0,32.0,1
48.0,1140.0,1
147.0,377.0,1
42.0,294.0,1
5.0,75.0,1
71.0,617.0,1
147.0,385.0,1
15.0,39.0,1
10.0,139.0,1
116.0,214.0,1
147.0,385.0,1
10.0,62.0,1
61.0,255.0,1
51.0,1128.0,1
21.0,130.0,1
25.0,157.0,1
119.0,1561.0,1
94.0,966.0,1
94.0,966.0,1
26.0,54.0,1
117.0,217.0,1
22.0,125.0,1
50.0,202.0,1
44.0,802.0,1
50.0,202.0,1
51.0,1128.0,1
14.0,155.0,1
132.0,963.0,1
26.0,114.0,1
73.0,400.0,1
39.0,91.0,1
34.0,129.0,1
9.0,75.0,1
73.0,400.0,1
73.0,400.0,1
8.0,86.0,1
32.0,210.0,1
60.0,66.0,1
147.0,373.0,1
39.0,417.0,1
61.0,256.0,1
147.0,373.0,1
149.0,942.0,1
147.0,373.0,1
140.0,163.0,1
45.0,1200.0,1
132.0,869.0,1
64.0,513.0,1
28.0,87.0,1
45.0,1128.0,1
20.0,131.0,1
7.0,117.0,1
12.0,442.0,1
92.0,817.0,1
295.0,347.0,1
63.0,599.0,1
119.0,1456.0,1
52.0,285.0,1
15.0,240.0,1
47.0,266.0,1
10.0,139.0,1
22.0,129.0,1
16.0,36.0,1
35.0,244.0,1
60.0,213.0,1
6.0,68.0,1
34.0,239.0,1
22.0,119.0,1
10.0,139.0,1
22.0,119.0,1
23.0,191.0,1
28.0,87.0,1
11.0,56.0,1
46.0,116.0,1
6.0,114.0,1
61.0,264.0,1
52.0,1116.0,1
12.0,442.0,1
48.0,389.0,1
5.0,19.0,1
31.0,87.0,1
25.0,53.0,1
42.0,251.0,1
35.0,244.0,1
10.0,139.0,1
27.0,217.0,1
121.0,349.0,1
4.0,19.0,1
27.0,217.0,1
4.0,19.0,1
52.0,967.0,1
11.0,33.0,1
28.0,107.0,1
52.0,1030.0,1
75.0,127.0,1
25.0,54.0,1
41.0,72.0,1
11.0,77.0,1
75.0,211.0,1
58.0,356.0,1
22.0,122.0,1
8.0,65.0,1
41.0,72.0,1
11.0,38.0,1
10.0,139.0,1
25.0,55.0,1
41.0,72.0,1
22.0,118.0,1
22.0,122.0,1
2042.0,2043.0,1
8.0,65.0,1
67.0,1254.0,1
22.0,122.0,1
8.0,65.0,1
58.0,356.0,1
10.0,51.0,1
41.0,72.0,1
10.0,139.0,1
12.0,441.0,1
25.0,54.0,1
46.0,161.0,1
1.0,21.0,1
1.0,19.0,1
489.0,3271.0,1
1.0,2.0,1
8.0,81.0,1
97.0,543.0,1
10.0,139.0,1
1.0,6.0,1
97.0,543.0,1
62.0,89.0,1
8.0,660.0,1
10.0,139.0,1
12.0,132.0,1
489.0,3271.0,1
20.0,139.0,1
2204.0,2205.0,1
28.0,178.0,1
12.0,61.0,1
11.0,136.0,1
116.0,2218.0,1
58.0,183.0,1
1.0,31.0,1
25.0,53.0,1
54.0,479.0,1
5.0,37.0,1
669.0,1402.0,1
20.0,120.0,1
72.0,1315.0,1
12.0,444.0,1
12.0,451.0,1
45.0,1059.0,1
119.0,1277.0,1
669.0,1834.0,1
17.0,95.0,1
15.0,19.0,1
12.0,72.0,1
30.0,74.0,1
45.0,1070.0,1
21.0,78.0,1
9.0,141.0,1
39.0,189.0,1
144.0,655.0,1
22.0,115.0,1
3.0,13.0,1
12.0,94.0,1
7.0,75.0,1
6.0,113.0,1
46.0,105.0,1
119.0,1278.0,1
12.0,102.0,1
113.0,3550.0,1
36.0,301.0,1
14.0,153.0,1
669.0,1407.0,1
158.0,1234.0,1
90.0,320.0,1
73.0,368.0,1
74.0,1222.0,1
22.0,121.0,1
63.0,621.0,1
37.0,1229.0,1
37.0,1216.0,1
739.0,2333.0,1
75.0,228.0,1
75.0,389.0,1
78.0,225.0,1
7.0,52.0,1
193.0,3210.0,1
75.0,389.0,1
12.0,34.0,1
5.0,35.0,1
41.0,353.0,1
12.0,126.0,1
19.0,249.0,1
3.0,21.0,1
19.0,249.0,1
61.0,261.0,1
4.0,9.0,1
54.0,483.0,1
51.0,229.0,1
14.0,389.0,1
8.0,36.0,1
17.0,38.0,1
16.0,72.0,1
3.0,23.0,1
1171.0,2541.0,1
10.0,41.0,1
20.0,144.0,1
61.0,278.0,1
104.0,1078.0,1
75.0,389.0,1
69.0,254.0,1
69.0,254.0,1
138.0,421.0,1
12.0,100.0,1
12.0,80.0,1
1.0,2.0,1
12.0,144.0,1
34.0,229.0,1
12.0,91.0,1
23.0,84.0,1
74.0,493.0,1
72.0,477.0,1
20.0,94.0,1
169.0,180.0,1
4.0,36.0,1
16.0,72.0,1
11.0,59.0,1
193.0,1016.0,1
55.0,189.0,1
103.0,1171.0,1
9.0,23.0,1
5.0,15.0,1
5.0,15.0,1
9.0,23.0,1
30.0,105.0,1
23.0,65.0,1
19.0,157.0,1
23.0,79.0,1
11.0,24.0,1
23.0,79.0,1
32.0,910.0,1
3.0,58.0,1
45.0,301.0,1
1.0,2.0,1
29.0,329.0,1
47.0,595.0,1
494.0,1458.0,1
11.0,26.0,1
494.0,1428.0,1
107.0,289.0,1
669.0,1407.0,1
16.0,287.0,1
6.0,41.0,1
283.0,1890.0,1
494.0,1428.0,1
72.0,474.0,1
69.0,702.0,1
17.0,61.0,1
11.0,26.0,1
6.0,92.0,1
87.0,1460.0,1
611.0,2340.0,1
16.0,33.0,1
25.0,82.0,1
46.0,165.0,1
669.0,1410.0,1
93.0,381.0,1
25.0,140.0,1
60.0,279.0,1
123.0,1045.0,1
42.0,364.0,1
16.0,71.0,1
133.0,1991.0,1
33.0,117.0,1
60.0,131.0,1
1170.0,3116.0,1
183.0,660.0,1
11.0,43.0,1
79.0,1280.0,1
17.0,61.0,1
43.0,120.0,1
18.0,110.0,1
12.0,63.0,1
12.0,64.0,1
23.0,259.0,1
283.0,1509.0,1
69.0,535.0,1
60.0,137.0,1
73.0,368.0,1
26.0,151.0,1
73.0,368.0,1
129.0,2220.0,1
55.0,490.0,1
32.0,116.0,1
32.0,114.0,1
10.0,261.0,1
11.0,113.0,1
15.0,60.0,1
17.0,62.0,1
29.0,381.0,1
19.0,64.0,1
4.0,25.0,1
394.0,555.0,1
10.0,126.0,1
27.0,250.0,1
4.0,46.0,1
11.0,108.0,1
1.0,2.0,1
26.0,151.0,1
12.0,21.0,1
52.0,339.0,1
6.0,59.0,1
11.0,118.0,1
102.0,565.0,1
1.0,18.0,1
7.0,32.0,1
798.0,2426.0,1
47.0,386.0,1
76.0,441.0,1
56.0,328.0,1
146.0,981.0,1
20.0,222.0,1
128.0,549.0,1
19.0,96.0,1
19.0,149.0,1
17.0,158.0,1
29.0,134.0,1
29.0,134.0,1
13.0,44.0,1
15.0,62.0,1
209.0,400.0,1
159.0,2771.0,1
46.0,94.0,1
25.0,81.0,1
46.0,92.0,1
60.0,231.0,1
26.0,83.0,1
76.0,632.0,1
76.0,632.0,1
76.0,632.0,1
15.0,62.0,1
29.0,85.0,1
232.0,757.0,1
1505.0,2761.0,1
69.0,542.0,1
232.0,726.0,1
76.0,632.0,1
772.0,1319.0,1
5.0,94.0,1
20.0,178.0,1
13.0,48.0,1
15.0,36.0,1
5.0,53.0,1
94.0,385.0,1
21.0,124.0,1
14.0,302.0,1
110.0,309.0,1
164.0,1592.0,1
16.0,30.0,1
18.0,111.0,1
12.0,74.0,1
19.0,62.0,1
193.0,3269.0,1
13.0,75.0,1
10.0,58.0,1
63.0,621.0,1
56.0,358.0,1
30.0,150.0,1
42.0,87.0,1
43.0,125.0,1
16.0,72.0,1
69.0,528.0,1
144.0,666.0,1
16.0,133.0,1
669.0,1351.0,1
144.0,666.0,1
153.0,2184.0,1
14.0,114.0,1
75.0,391.0,1
16.0,30.0,1
12.0,69.0,1
11.0,53.0,1
37.0,261.0,1
6.0,54.0,1
15.0,36.0,1
49.0,870.0,1
4.0,50.0,1
19.0,365.0,1
69.0,270.0,1
51.0,106.0,1
33.0,177.0,1
11.0,134.0,1
56.0,1043.0,1
1.0,13.0,1
260.0,2184.0,1
15.0,35.0,1
149.0,956.0,1
61.0,291.0,1
47.0,386.0,1
121.0,334.0,1
131.0,1107.0,1
59.0,157.0,1
16.0,137.0,1
19.0,108.0,1
279.0,280.0,1
114.0,293.0,1
16.0,84.0,1
26.0,46.0,1
274.0,277.0,1
33.0,91.0,1
149.0,1235.0,1
26.0,94.0,1
30.0,159.0,1
82.0,165.0,1
121.0,312.0,1
51.0,238.0,1
43.0,513.0,1
20.0,36.0,1
190.0,300.0,1
14.0,161.0,1
149.0,1057.0,1
11.0,70.0,1
59.0,160.0,1
1.0,3.0,1
132.0,991.0,1
193.0,3243.0,1
60.0,262.0,1
60.0,243.0,1
6.0,118.0,1
121.0,350.0,1
79.0,606.0,1
107.0,1096.0,1
36.0,125.0,1
70.0,640.0,1
1327.0,1328.0,1
19.0,81.0,1
10.0,31.0,1
154.0,9088.0,1
44.0,189.0,1
14.0,111.0,1
56.0,1044.0,1
154.0,9090.0,1
117.0,3498.0,1
13.0,67.0,1
31.0,156.0,1
515.0,518.0,1
102.0,1481.0,1
77.0,707.0,1
286.0,2207.0,1
181.0,1613.0,1
11.0,24.0,1
18.0,86.0,1
3.0,86.0,1
24.0,86.0,1
36.0,125.0,1
70.0,199.0,1
27.0,127.0,1
669.0,1351.0,1
350.0,727.0,1
525.0,1112.0,1
669.0,1351.0,1
116.0,1589.0,1
56.0,1028.0,1
49.0,472.0,1
11.0,105.0,1
113.0,640.0,1
56.0,1046.0,1
19.0,49.0,1
363.0,977.0,1
64.0,509.0,1
10.0,93.0,1
114.0,499.0,1
181.0,1621.0,1
259.0,723.0,1
76.0,292.0,1
54.0,194.0,1
113.0,640.0,1
54.0,191.0,1
22.0,45.0,1
111.0,576.0,1
12.0,104.0,1
1146.0,1349.0,1
1146.0,1349.0,1
32.0,247.0,1
669.0,1351.0,1
581.0,1339.0,1
581.0,1339.0,1
15.0,38.0,1
33.0,228.0,1
12.0,97.0,1
3.0,38.0,1
36.0,264.0,1
48.0,141.0,1
51.0,521.0,1
132.0,222.0,1
117.0,1295.0,1
58.0,895.0,1
105.0,312.0,1
12.0,114.0,1
48.0,163.0,1
19.0,92.0,1
21.0,164.0,1
11.0,124.0,1
17.0,158.0,1
23.0,110.0,1
89.0,482.0,1
12.0,204.0,1
52.0,429.0,1
696.0,1478.0,1
1.0,2.0,1
17.0,158.0,1
40.0,224.0,1
56.0,349.0,1
8.0,44.0,1
19.0,247.0,1
137.0,234.0,1
32.0,260.0,1
32.0,264.0,1
32.0,260.0,1
33.0,173.0,1
268.0,813.0,1
22.0,237.0,1
32.0,258.0,1
12.0,101.0,1
73.0,166.0,1
97.0,452.0,1
65.0,158.0,1
74.0,753.0,1
6.0,54.0,1
10.0,42.0,1
11.0,363.0,1
12.0,460.0,1
43.0,506.0,1
19.0,131.0,1
60.0,228.0,1
11.0,75.0,1
12.0,63.0,1
12.0,179.0,1
23.0,113.0,1
12.0,197.0,1
669.0,1415.0,1
12.0,63.0,1
12.0,453.0,1
14.0,24.0,1
69.0,528.0,1
14.0,305.0,1
11.0,55.0,1
45.0,464.0,1
14.0,306.0,1
69.0,542.0,1
69.0,542.0,1
5.0,53.0,1
28.0,141.0,1
76.0,632.0,1
51.0,507.0,1
151.0,888.0,1
53.0,532.0,1
14.0,92.0,1
69.0,530.0,1
124.0,298.0,1
12.0,172.0,1
19.0,96.0,1
447.0,646.0,1
74.0,974.0,1
669.0,1412.0,1
28.0,80.0,1
394.0,555.0,1
14.0,152.0,1
1325.0,1331.0,1
15.0,61.0,1
130.0,281.0,1
636.0,735.0,1
1325.0,1330.0,1
69.0,530.0,1
669.0,1412.0,1
42.0,131.0,1
28.0,80.0,1
31.0,253.0,1
266.0,2370.0,1
74.0,675.0,1
139.0,275.0,1
634.0,742.0,1
634.0,742.0,1
69.0,535.0,1
29.0,125.0,1
68.0,356.0,1
29.0,125.0,1
148.0,1514.0,1
12.0,52.0,1
32.0,132.0,1
136.0,2213.0,1
46.0,268.0,1
149.0,159.0,1
48.0,566.0,1
60.0,131.0,1
60.0,131.0,1
60.0,131.0,1
299.0,1726.0,1
11.0,54.0,1
97.0,650.0,1
10.0,54.0,1
97.0,650.0,1
19.0,157.0,1
13.0,60.0,1
494.0,1426.0,1
135.0,3315.0,1
25.0,82.0,1
46.0,182.0,1
9.0,18.0,1
117.0,1342.0,1
19.0,106.0,1
412.0,537.0,1
404.0,529.0,1
689.0,1287.0,1
10.0,134.0,1
17.0,61.0,1
138.0,274.0,1
7.0,59.0,1
7.0,59.0,1
44.0,364.0,1
5.0,35.0,1
494.0,1458.0,1
29.0,339.0,1
14.0,521.0,1
127.0,875.0,1
7.0,79.0,1
41.0,94.0,1
58.0,425.0,1
58.0,425.0,1
11.0,24.0,1
10.0,145.0,1
51.0,536.0,1
26.0,364.0,1
64.0,267.0,1
102.0,564.0,1
50.0,368.0,1
21.0,264.0,1
5.0,15.0,1
1.0,5.0,1
8.0,48.0,1
636.0,748.0,1
636.0,744.0,1
54.0,162.0,1
74.0,972.0,1
25.0,57.0,1
272.0,571.0,1
636.0,744.0,1
636.0,744.0,1
12.0,144.0,1
12.0,144.0,1
1333.0,1334.0,1
16.0,73.0,1
28.0,87.0,1
11.0,44.0,1
29.0,211.0,1
14.0,178.0,1
131.0,2224.0,1
32.0,125.0,1
296.0,409.0,1
11.0,294.0,1
35.0,291.0,1
25.0,54.0,1
25.0,54.0,1
6.0,33.0,1
42.0,363.0,1
4.0,20.0,1
1171.0,9163.0,1
19.0,249.0,1
21.0,78.0,1
75.0,447.0,1
332.0,508.0,1
12.0,52.0,1
739.0,2333.0,1
376.0,909.0,1
24.0,80.0,1
25.0,54.0,1
32.0,70.0,1
78.0,249.0,1
17.0,119.0,1
10.0,139.0,1
126.0,937.0,1
44.0,175.0,1
10.0,139.0,1
10.0,139.0,1
22.0,113.0,1
108.0,603.0,1
22.0,115.0,1
11.0,93.0,1
44.0,150.0,1
72.0,495.0,1
22.0,115.0,1
43.0,113.0,1
122.0,2227.0,1
59.0,134.0,1
41.0,71.0,1
21.0,46.0,1
28.0,87.0,1
124.0,434.0,1
11.0,102.0,1
28.0,87.0,1
95.0,1312.0,1
95.0,1310.0,1
10.0,55.0,1
10.0,55.0,1
1177.0,1180.0,1
1177.0,1180.0,1
1177.0,1178.0,1
15.0,339.0,1
15.0,277.0,1
11.0,71.0,1
15.0,339.0,1
15.0,277.0,1
139.0,281.0,1
10.0,139.0,1
669.0,1402.0,1
338.0,621.0,1
65.0,139.0,1
65.0,139.0,1
65.0,139.0,1
21.0,139.0,1
15.0,57.0,1
12.0,101.0,1
69.0,885.0,1
7.0,44.0,1
25.0,53.0,1
489.0,3271.0,1
12.0,132.0,1
12.0,132.0,1
14.0,119.0,1
13.0,273.0,1
14.0,119.0,1
84.0,446.0,1
97.0,543.0,1
38.0,242.0,1
97.0,543.0,1
489.0,622.0,1
7.0,43.0,1
7.0,43.0,1
57.0,1038.0,1
64.0,578.0,1
58.0,869.0,1
22.0,113.0,1
32.0,70.0,1
27.0,103.0,1
34.0,237.0,1
67.0,332.0,1
25.0,53.0,1
35.0,273.0,1
38.0,137.0,1
332.0,556.0,1
139.0,276.0,1
61.0,319.0,1
28.0,96.0,1
669.0,1351.0,1
86.0,189.0,1
155.0,271.0,1
8.0,65.0,1
226.0,445.0,1
226.0,445.0,1
226.0,445.0,1
41.0,79.0,1
706.0,767.0,1
708.0,773.0,1
708.0,773.0,1
76.0,301.0,1
54.0,757.0,1
25.0,53.0,1
25.0,53.0,1
31.0,201.0,1
91.0,219.0,1
393.0,736.0,1
63.0,107.0,1
63.0,109.0,1
17.0,94.0,1
17.0,95.0,1
393.0,736.0,1
54.0,757.0,1
393.0,736.0,1
49.0,427.0,1
18.0,208.0,1
74.0,1030.0,1
18.0,75.0,1
95.0,1310.0,1
41.0,95.0,1
78.0,325.0,1
29.0,109.0,1
79.0,1622.0,1
669.0,1351.0,1
29.0,107.0,1
16.0,36.0,1
57.0,183.0,1
47.0,272.0,1
10.0,139.0,1
10.0,139.0,1
669.0,1414.0,1
13.0,462.0,1
61.0,374.0,1
123.0,442.0,1
30.0,110.0,1
10.0,28.0,1
19.0,82.0,1
28.0,87.0,1
12.0,95.0,1
9.0,89.0,1
694.0,1130.0,1
23.0,432.0,1
17.0,37.0,1
13.0,77.0,1
148.0,375.0,1
56.0,1042.0,1
22.0,124.0,1
25.0,53.0,1
140.0,170.0,1
95.0,1313.0,1
23.0,302.0,1
14.0,162.0,1
12.0,447.0,1
26.0,2510.0,1
19.0,114.0,1
339.0,2923.0,1
56.0,1045.0,1
114.0,1324.0,1
25.0,53.0,1
18.0,261.0,1
12.0,104.0,1
5.0,16.0,1
104.0,703.0,1
128.0,160.0,1
25.0,157.0,1
20.0,65.0,1
63.0,621.0,1
54.0,740.0,1
26.0,54.0,1
12.0,454.0,1
19.0,227.0,1
20.0,64.0,1
148.0,386.0,1
148.0,387.0,1
10.0,144.0,1
12.0,96.0,1
140.0,164.0,1
148.0,379.0,1
32.0,477.0,1
75.0,629.0,1
49.0,428.0,1
44.0,795.0,1
10.0,144.0,1
10.0,144.0,1
13.0,467.0,1
58.0,186.0,1
19.0,114.0,1
62.0,535.0,1
84.0,323.0,1
2.0,12.0,1
48.0,1140.0,1
48.0,1140.0,1
8.0,89.0,1
139.0,274.0,1
45.0,440.0,1
30.0,192.0,1
223.0,233.0,1
1038.0,1734.0,1
38.0,75.0,1
12.0,72.0,1
137.0,826.0,1
78.0,253.0,1
11.0,62.0,1
47.0,139.0,1
68.0,181.0,1
9.0,53.0,1
78.0,328.0,1
18.0,59.0,1
3.0,11.0,1
180.0,1261.0,1
31.0,196.0,1
11.0,44.0,1
181.0,1955.0,1
31.0,199.0,1
123.0,207.0,1
54.0,313.0,1
11.0,185.0,1
11.0,186.0,1
11.0,161.0,1
445.0,4128.0,1
123.0,207.0,1
11.0,184.0,1
11.0,184.0,1
49.0,392.0,1
10.0,204.0,1
7.0,9.0,1
66.0,264.0,1
66.0,264.0,1
62.0,526.0,1
107.0,179.0,1
107.0,179.0,1
139.0,274.0,1
15.0,50.0,1
13.0,75.0,1
192.0,543.0,1
48.0,574.0,1
71.0,566.0,1
199.0,3213.0,1
59.0,447.0,1
48.0,574.0,1
11.0,67.0,1
134.0,496.0,1
842.0,998.0,1
7.0,54.0,1
15.0,56.0,1
54.0,725.0,1
12.0,99.0,1
12.0,30.0,1
152.0,330.0,1
12.0,99.0,1
37.0,766.0,1
57.0,208.0,1
13.0,118.0,1
92.0,344.0,1
87.0,1645.0,1
92.0,344.0,1
57.0,85.0,1
311.0,314.0,1
12.0,50.0,1
199.0,3160.0,1
95.0,170.0,1
76.0,189.0,1
19.0,114.0,1
140.0,200.0,1
140.0,200.0,1
845.0,1000.0,1
78.0,711.0,1
84.0,477.0,1
13.0,83.0,1
193.0,3059.0,1
46.0,122.0,1
8.0,40.0,1
8.0,40.0,1
8.0,40.0,1
31.0,477.0,1
12.0,91.0,1
30.0,435.0,1
25.0,84.0,1
84.0,475.0,1
295.0,301.0,1
47.0,485.0,1
33.0,259.0,1
66.0,224.0,1
37.0,132.0,1
281.0,288.0,1
47.0,190.0,1
12.0,81.0,1
29.0,114.0,1
140.0,194.0,1
175.0,795.0,1
4.0,70.0,1
80.0,249.0,1
4.0,70.0,1
66.0,255.0,1
60.0,234.0,1
37.0,132.0,1
182.0,359.0,1
182.0,359.0,1
144.0,3016.0,1
11.0,40.0,1
669.0,1351.0,1
281.0,286.0,1
140.0,194.0,1
11.0,20.0,1
4.0,73.0,1
6.0,25.0,1
193.0,3029.0,1
55.0,143.0,1
72.0,450.0,1
105.0,441.0,1
6.0,92.0,1
64.0,361.0,1
80.0,247.0,1
80.0,238.0,1
80.0,234.0,1
25.0,78.0,1
144.0,3033.0,1
10.0,59.0,1
66.0,135.0,1
66.0,135.0,1
66.0,135.0,1
16.0,418.0,1
37.0,426.0,1
28.0,79.0,1
193.0,3043.0,1
4.0,78.0,1
91.0,186.0,1
140.0,195.0,1
4.0,78.0,1
31.0,107.0,1
18.0,414.0,1
19.0,222.0,1
7.0,62.0,1
11.0,195.0,1
49.0,877.0,1
119.0,161.0,1
192.0,305.0,1
27.0,425.0,1
20.0,329.0,1
82.0,197.0,1
82.0,197.0,1
54.0,207.0,1
12.0,174.0,1
32.0,171.0,1
29.0,171.0,1
44.0,142.0,1
140.0,202.0,1
32.0,249.0,1
168.0,249.0,1
32.0,249.0,1
181.0,505.0,1
131.0,1107.0,1
12.0,103.0,1
12.0,51.0,1
60.0,84.0,1
25.0,166.0,1
4.0,25.0,1
25.0,135.0,1
16.0,140.0,1
34.0,281.0,1
16.0,140.0,1
16.0,140.0,1
16.0,142.0,1
16.0,83.0,1
669.0,1351.0,1
59.0,146.0,1
669.0,1351.0,1
35.0,617.0,1
48.0,138.0,1
19.0,98.0,1
12.0,458.0,1
35.0,336.0,1
9.0,42.0,1
669.0,1214.0,1
60.0,142.0,1
84.0,475.0,1
84.0,475.0,1
691.0,1689.0,1
685.0,1516.0,1
38.0,212.0,1
17.0,106.0,1
12.0,458.0,1
110.0,188.0,1
685.0,1514.0,1
97.0,993.0,1
55.0,114.0,1
54.0,724.0,1
30.0,112.0,1
67.0,115.0,1
65.0,405.0,1
15.0,188.0,1
66.0,106.0,1
70.0,263.0,1
85.0,201.0,1
24.0,229.0,1
51.0,123.0,1
20.0,42.0,1
10.0,32.0,1
19.0,81.0,1
19.0,81.0,1
54.0,504.0,1
583.0,1375.0,1
56.0,1042.0,1
21.0,215.0,1
669.0,1200.0,1
47.0,281.0,1
23.0,135.0,1
30.0,152.0,1
19.0,62.0,1
24.0,145.0,1
45.0,464.0,1
195.0,3313.0,1
195.0,3327.0,1
63.0,341.0,1
29.0,85.0,1
46.0,3220.0,1
264.0,667.0,1
20.0,164.0,1
76.0,632.0,1
10.0,45.0,1
72.0,819.0,1
25.0,81.0,1
20.0,222.0,1
56.0,328.0,1
26.0,45.0,1
128.0,557.0,1
63.0,339.0,1
64.0,343.0,1
13.0,78.0,1
12.0,25.0,1
13.0,78.0,1
12.0,25.0,1
13.0,78.0,1
12.0,25.0,1
29.0,381.0,1
6.0,74.0,1
60.0,157.0,1
71.0,217.0,1
158.0,903.0,1
12.0,69.0,1
49.0,328.0,1
12.0,75.0,1
69.0,535.0,1
54.0,478.0,1
54.0,478.0,1
25.0,81.0,1
65.0,667.0,1
48.0,566.0,1
56.0,272.0,1
33.0,215.0,1
60.0,131.0,1
283.0,1509.0,1
25.0,140.0,1
213.0,1655.0,1
494.0,1426.0,1
543.0,2424.0,1
63.0,318.0,1
494.0,1426.0,1
669.0,1407.0,1
54.0,753.0,1
6.0,17.0,1
494.0,1439.0,1
25.0,121.0,1
11.0,104.0,1
292.0,2049.0,1
292.0,2045.0,1
6.0,41.0,1
25.0,122.0,1
494.0,1458.0,1
23.0,79.0,1
18.0,125.0,1
163.0,488.0,1
47.0,595.0,1
129.0,205.0,1
4.0,38.0,1
29.0,87.0,1
70.0,235.0,1
54.0,553.0,1
77.0,210.0,1
34.0,292.0,1
4.0,42.0,1
11.0,115.0,1
23.0,65.0,1
134.0,2501.0,1
12.0,167.0,1
278.0,3752.0,1
5.0,11.0,1
5.0,15.0,1
60.0,326.0,1
54.0,479.0,1
28.0,226.0,1
14.0,135.0,1
34.0,234.0,1
69.0,254.0,1
34.0,113.0,1
28.0,155.0,1
19.0,241.0,1
7.0,40.0,1
12.0,44.0,1
104.0,1078.0,1
10.0,44.0,1
18.0,225.0,1
49.0,270.0,1
21.0,99.0,1
53.0,174.0,1
19.0,249.0,1
12.0,60.0,1
21.0,78.0,1
193.0,3210.0,1
12.0,34.0,1
1.0,13.0,1
24.0,80.0,1
19.0,148.0,1
6.0,159.0,1
85.0,3318.0,1
669.0,1351.0,1
75.0,288.0,1
24.0,133.0,1
23.0,136.0,1
19.0,248.0,1
12.0,82.0,1
669.0,1407.0,1
25.0,69.0,1
12.0,102.0,1
154.0,3084.0,1
63.0,319.0,1
54.0,753.0,1
22.0,113.0,1
67.0,118.0,1
10.0,50.0,1
35.0,81.0,1
23.0,79.0,1
34.0,166.0,1
30.0,74.0,1
110.0,578.0,1
45.0,1070.0,1
148.0,513.0,1
20.0,119.0,1
30.0,73.0,1
1013.0,1161.0,1
68.0,116.0,1
10.0,380.0,1
54.0,479.0,1
84.0,851.0,1
10.0,30.0,1
116.0,2218.0,1
103.0,1029.0,1
12.0,108.0,1
49.0,872.0,1
36.0,138.0,1
217.0,896.0,1
34.0,150.0,1
31.0,771.0,1
16.0,40.0,1
66.0,149.0,1
12.0,36.0,1
38.0,80.0,1
13.0,189.0,1
32.0,87.0,1
19.0,78.0,1
42.0,137.0,1
1.0,36.0,1
181.0,1643.0,1
32.0,76.0,1
140.0,341.0,1
148.0,1148.0,1
11.0,190.0,1
430.0,1144.0,1
22.0,160.0,1
13.0,158.0,1
70.0,195.0,1
148.0,1133.0,1
127.0,617.0,1
669.0,1365.0,1
34.0,89.0,1
11.0,59.0,1
4.0,16.0,1
54.0,981.0,1
82.0,1214.0,1
97.0,359.0,1
97.0,543.0,1
5.0,40.0,1
55.0,506.0,1
64.0,578.0,1
10.0,333.0,1
25.0,55.0,1
21.0,15841.0,1
40.0,303.0,1
11.0,31.0,1
8.0,65.0,1
159.0,473.0,1
28.0,107.0,1
735.0,899.0,1
61.0,319.0,1
81.0,97.0,1
60.0,135.0,1
91.0,217.0,1
78.0,242.0,1
69.0,183.0,1
31.0,93.0,1
16.0,36.0,1
56.0,539.0,1
21.0,69.0,1
276.0,666.0,1
24.0,72.0,1
39.0,419.0,1
45.0,139.0,1
148.0,375.0,1
22.0,124.0,1
51.0,104.0,1
39.0,305.0,1
19.0,77.0,1
63.0,107.0,1
40.0,218.0,1
114.0,616.0,1
23.0,69.0,1
247.0,781.0,1
18.0,261.0,1
41.0,94.0,1
4.0,17.0,1
21.0,66.0,1
94.0,966.0,1
41.0,94.0,1
75.0,160.0,1
22.0,85.0,1
137.0,180.0,1
350.0,721.0,1
148.0,387.0,1
31.0,109.0,1
19.0,126.0,1
14.0,45.0,1
16.0,61.0,1
63.0,801.0,1
5.0,16.0,1
12.0,165.0,1
5.0,16.0,1
12.0,46.0,1
117.0,3498.0,1
15.0,49.0,1
22.0,121.0,1
10.0,264.0,1
68.0,180.0,1
68.0,186.0,1
14.0,41.0,1
12.0,217.0,1
887.0,1244.0,1
48.0,575.0,1
103.0,798.0,1
61.0,297.0,1
289.0,2288.0,1
28.0,153.0,1
107.0,179.0,1
15.0,38.0,1
4.0,10.0,1
18.0,63.0,1
71.0,191.0,1
71.0,566.0,1
15.0,159.0,1
16.0,72.0,1
21.0,190.0,1
7.0,48.0,1
12.0,23.0,1
13.0,82.0,1
24.0,94.0,1
38.0,162.0,1
28.0,72.0,1
73.0,1590.0,1
31.0,771.0,1
295.0,329.0,1
83.0,530.0,1
54.0,158.0,1
142.0,287.0,1
83.0,530.0,1
17.0,57.0,1
525.0,921.0,1
114.0,243.0,1
583.0,1345.0,1
30.0,468.0,1
12.0,134.0,1
12.0,29.0,1
101.0,363.0,1
21.0,190.0,1
22.0,112.0,1
11.0,104.0,1
8.0,80.0,1
64.0,311.0,1
14.0,125.0,1
10.0,196.0,1
6.0,21.0,1
17.0,150.0,1
525.0,921.0,1
29.0,87.0,1
71.0,129.0,1
181.0,1500.0,1
104.0,524.0,1
43.0,185.0,1
31.0,771.0,1
183.0,1484.0,1
127.0,640.0,1
15.0,216.0,1
15.0,219.0,1
38.0,508.0,1
525.0,921.0,1
181.0,1613.0,1
43.0,185.0,1
525.0,922.0,1
20.0,240.0,1
53.0,208.0,1
31.0,127.0,1
525.0,921.0,1
217.0,898.0,1
217.0,898.0,1
11.0,170.0,1
12.0,228.0,1
11.0,145.0,1
41.0,504.0,1
15.0,93.0,1
525.0,921.0,1
126.0,1123.0,1
33.0,125.0,1
110.0,313.0,1
33.0,95.0,1
22.0,160.0,1
38.0,80.0,1
107.0,1444.0,1
117.0,3498.0,1
93.0,533.0,1
5.0,129.0,1
4.0,10.0,1
39.0,122.0,1
46.0,106.0,1
42.0,137.0,1
53.0,608.0,1
41.0,481.0,1
41.0,492.0,1
41.0,505.0,1
49.0,814.0,1
117.0,3498.0,1
17.0,34.0,1
7.0,51.0,1
36.0,303.0,1
37.0,352.0,1
65.0,728.0,1
11.0,53.0,1
4.0,45.0,1
65.0,728.0,1
126.0,1609.0,1
36.0,110.0,1
47.0,133.0,1
126.0,1123.0,1
13.0,196.0,1
178.0,3303.0,1
44.0,990.0,1
39.0,746.0,1
127.0,617.0,1
71.0,184.0,1
22.0,100.0,1
12.0,137.0,1
41.0,353.0,1
46.0,3214.0,1
116.0,2062.0,1
39.0,379.0,1
67.0,897.0,1
13.0,158.0,1
26.0,67.0,1
40.0,532.0,1
152.0,292.0,1
36.0,186.0,1
67.0,461.0,1
16.0,168.0,1
13.0,186.0,1
116.0,3525.0,1
36.0,99.0,1
38.0,126.0,1
11.0,47.0,1
15.0,161.0,1
84.0,712.0,1
138.0,400.0,1
4.0,32.0,1
272.0,1575.0,1
54.0,979.0,1
28.0,469.0,1
54.0,981.0,1
107.0,886.0,1
19.0,49.0,1
22.0,92.0,1
13.0,253.0,1
14.0,95.0,1
33.0,162.0,1
54.0,755.0,1
48.0,352.0,1
326.0,1360.0,1
11.0,208.0,1
28.0,42.0,1
22.0,111.0,1
12.0,33.0,1
33.0,247.0,1
64.0,396.0,1
1.0,7.0,1
84.0,713.0,1
54.0,966.0,1
84.0,701.0,1
326.0,1360.0,1
13.0,78.0,1
54.0,255.0,1
11.0,13.0,1
54.0,968.0,1
33.0,118.0,1
28.0,153.0,1
10.0,186.0,1
54.0,768.0,1
145.0,1163.0,1
38.0,240.0,1
11.0,45.0,1
116.0,1449.0,1
28.0,61.0,1
54.0,929.0,1
12.0,43.0,1
20.0,237.0,1
28.0,106.0,1
38.0,241.0,1
33.0,208.0,1
68.0,112.0,1
68.0,112.0,1
3.0,26.0,1
116.0,384.0,1
11.0,41.0,1
114.0,603.0,1
60.0,84.0,1
114.0,447.0,1
140.0,2379.0,1
13.0,79.0,1
21.0,115.0,1
13.0,78.0,1
21.0,113.0,1
56.0,1043.0,1
13.0,186.0,1
13.0,82.0,1
21.0,118.0,1
164.0,239.0,1
49.0,877.0,1
11.0,41.0,1
58.0,72.0,1
6.0,27.0,1
11.0,56.0,1
142.0,181.0,1
78.0,108.0,1
3.0,19.0,1
17.0,196.0,1
3.0,31.0,1
39.0,211.0,1
9989.0,10062.0,1
56.0,1042.0,1
392.0,565.0,1
69.0,153.0,1
22.0,183.0,1
84.0,700.0,1
114.0,446.0,1
132.0,742.0,1
10.0,93.0,1
1.0,4.0,1
583.0,1339.0,1
259.0,717.0,1
14.0,93.0,1
54.0,756.0,1
14.0,95.0,1
18.0,143.0,1
683.0,1466.0,1
36.0,99.0,1
305.0,727.0,1
696.0,1478.0,1
12.0,97.0,1
6.0,30.0,1
6.0,28.0,1
70.0,501.0,1
13.0,69.0,1
28.0,164.0,1
63.0,344.0,1
117.0,3498.0,1
29.0,147.0,1
153.0,186.0,1
525.0,858.0,1
494.0,1603.0,1
23.0,225.0,1
7.0,53.0,1
89.0,319.0,1
63.0,344.0,1
62.0,150.0,1
8.0,52.0,1
669.0,1351.0,1
24.0,318.0,1
33.0,177.0,1
196.0,608.0,1
29.0,133.0,1
54.0,430.0,1
252.0,1118.0,1
21.0,325.0,1
25.0,79.0,1
12.0,63.0,1
25.0,79.0,1
17.0,78.0,1
4.0,55.0,1
30.0,168.0,1
19.0,96.0,1
669.0,1351.0,1
82.0,227.0,1
42.0,182.0,1
13.0,74.0,1
62.0,258.0,1
66.0,101.0,1
318.0,1003.0,1
5.0,5902.0,0
2.0,26.0,0
1.0,3.0,0
7.0,65.0,0
28.0,1866.0,0
11.0,35.0,0
28.0,150.0,0
1.0,1.0,0
7.0,28.0,0
7.0,16.0,0
251.0,791.0,0
12.0,83.0,0
11.0,26.0,0
18.0,709.0,0
5.0,27.0,0
8.0,50.0,0
4.0,16.0,0
28.0,122.0,0
5.0,28.0,0
5.0,13.0,0
22.0,113.0,0
11.0,114.0,0
29.0,843.0,0
1.0,12.0,0
16.0,45.0,0
2.0,8.0,0
5.0,21.0,0
1.0,7.0,0
11.0,72.0,0
10.0,49.0,0
4.0,20.0,0
12.0,89.0,0
3.0,23.0,0
12.0,123.0,0
86.0,1995.0,0
17.0,25.0,0
26.0,433.0,0
4.0,20.0,0
121.0,723.0,0
7.0,16.0,0
1.0,11.0,0
21.0,147.0,0
10.0,41.0,0
60.0,242.0,0
11.0,158.0,0
8.0,68.0,0
10.0,11.0,0
3.0,11.0,0
1.0,14.0,0
1.0,8.0,0
17.0,90.0,0
5.0,21.0,0
4.0,19.0,0
41.0,535.0,0
22.0,107.0,0
52.0,2078.0,0
12.0,66.0,0
11.0,71.0,0
22.0,423.0,0
160.0,683.0,0
34.0,130.0,0
4.0,10.0,0
63.0,1064.0,0
5.0,40.0,0
5.0,39.0,0
10.0,27.0,0
6.0,97.0,0
10.0,27.0,0
9.0,24.0,0
8.0,26.0,0
11.0,59.0,0
52.0,617.0,0
44.0,693.0,0
36.0,220.0,0
4.0,11.0,0
15.0,112.0,0
3.0,4.0,0
6.0,68.0,0
119.0,357.0,0
37.0,120.0,0
26.0,329.0,0
22.0,971.0,0
24.0,496.0,0
38.0,566.0,0
15.0,164.0,0
15.0,56.0,0
10.0,11.0,0
1.0,4.0,0
24.0,496.0,0
10.0,11.0,0
25.0,115.0,0
4.0,137.0,0
52.0,654.0,0
4.0,15.0,0
11.0,68.0,0
5.0,24.0,0
18.0,168.0,0
6.0,94.0,0
18.0,185.0,0
11.0,138.0,0
10.0,11.0,0
49.0,1026.0,0
3.0,16.0,0
18.0,166.0,0
71.0,2954.0,0
104.0,1655.0,0
4.0,22.0,0
16.0,77.0,0
17.0,206.0,0
10.0,27.0,0
10.0,29.0,0
7.0,142.0,0
7.0,15.0,0
16.0,84.0,0
5.0,35.0,0
18.0,71.0,0
17.0,53.0,0
21.0,76.0,0
66.0,129.0,0
5.0,72.0,0
108.0,536.0,0
27.0,158.0,0
5.0,98.0,0
45.0,875.0,0
12.0,110.0,0
13.0,146.0,0
4.0,24.0,0
12.0,45.0,0
5.0,15.0,0
10.0,59.0,0
7.0,45.0,0
3.0,6.0,0
7.0,81.0,0
11.0,92.0,0
9.0,30.0,0
1.0,17.0,0
8.0,16.0,0
200.0,378.0,0
13.0,462.0,0
20.0,446.0,0
4.0,38.0,0
13.0,74.0,0
9.0,69.0,0
11.0,59.0,0
7.0,88.0,0
10.0,46.0,0
11.0,47.0,0
13.0,104.0,0
23.0,836.0,0
7.0,34.0,0
12.0,388.0,0
11.0,31.0,0
1.0,4.0,0
3.0,12.0,0
6.0,66.0,0
28.0,93.0,0
121.0,693.0,0
3.0,15.0,0
11.0,60.0,0
32.0,481.0,0
64.0,1583.0,0
15.0,156.0,0
85.0,1463.0,0
3.0,25.0,0
11.0,24.0,0
26.0,562.0,0
75.0,195.0,0
8.0,60.0,0
69.0,129.0,0
17.0,35.0,0
76.0,517.0,0
4.0,32.0,0
35.0,123.0,0
2.0,12.0,0
17.0,20.0,0
20.0,675.0,0
6.0,13.0,0
7.0,167.0,0
2.0,9.0,0
12.0,44.0,0
10.0,187.0,0
3.0,36.0,0
5.0,104.0,0
3.0,12.0,0
11.0,79.0,0
3.0,14.0,0
13.0,143.0,0
13.0,55.0,0
6.0,17.0,0
10.0,65.0,0
4.0,8.0,0
13.0,86.0,0
13.0,146.0,0
33.0,161.0,0
37.0,216.0,0
5.0,31.0,0
13.0,158.0,0
13.0,141.0,0
8.0,43.0,0
11.0,183.0,0
107.0,194.0,0
1488.0,1506.0,0
13.0,305.0,0
157.0,611.0,0
15.0,142.0,0
13.0,167.0,0
8.0,36.0,0
13.0,95.0,0
31.0,196.0,0
3.0,15.0,0
4.0,84.0,0
1.0,19.0,0
2.0,15.0,0
28.0,162.0,0
45.0,172.0,0
5.0,82.0,0
1.0,16.0,0
15.0,75.0,0
1.0,6.0,0
26.0,88.0,0
13.0,72.0,0
5.0,21.0,0
15.0,207.0,0
28.0,236.0,0
10.0,39.0,0
13.0,145.0,0
104.0,413.0,0
53.0,159.0,0
15.0,82.0,0
4.0,24.0,0
18.0,527.0,0
24.0,128.0,0
22.0,129.0,0
11.0,68.0,0
7.0,85.0,0
87.0,262.0,0
15.0,62.0,0
28.0,148.0,0
1.0,6.0,0
12.0,63.0,0
11.0,36.0,0
3.0,8.0,0
1.0,5.0,0
15.0,248.0,0
24.0,308.0,0
3.0,13.0,0
12.0,71.0,0
161.0,876.0,0
104.0,413.0,0
13.0,250.0,0
28.0,293.0,0
5.0,16.0,0
3.0,10.0,0
13.0,86.0,0
28.0,286.0,0
6.0,13.0,0
2.0,20.0,0
4.0,11.0,0
11.0,86.0,0
13.0,110.0,0
15.0,244.0,0
10.0,44.0,0
5.0,19.0,0
15.0,57.0,0
6.0,49.0,0
9.0,26.0,0
8.0,43.0,0
24.0,605.0,0
12.0,61.0,0
24.0,174.0,0
8.0,85.0,0
5.0,24.0,0
4.0,19.0,0
15.0,172.0,0
12.0,139.0,0
24.0,213.0,0
1.0,5.0,0
3.0,22.0,0
11.0,85.0,0
4.0,39.0,0
5.0,19.0,0
2.0,9.0,0
28.0,758.0,0
28.0,134.0,0
18.0,935.0,0
10.0,263.0,0
4.0,43.0,0
2.0,5.0,0
23.0,480.0,0
24.0,557.0,0
13.0,155.0,0
8.0,20.0,0
16.0,26.0,0
17.0,69.0,0
17.0,69.0,0
8.0,38.0,0
1.0,7.0,0
121.0,666.0,0
1.0,5.0,0
11.0,13.0,0
2.0,16.0,0
60.0,2026.0,0
48.0,726.0,0
22.0,510.0,0
38.0,1150.0,0
235.0,1116.0,0
121.0,618.0,0
34.0,162.0,0
38.0,347.0,0
37.0,364.0,0
4.0,14.0,0
34.0,353.0,0
2.0,5.0,0
8.0,55.0,0
51.0,243.0,0
11.0,75.0,0
11.0,78.0,0
4.0,44.0,0
22.0,120.0,0
7.0,47.0,0
28.0,347.0,0
13.0,63.0,0
8.0,39.0,0
28.0,133.0,0
12.0,45.0,0
1.0,17.0,0
4.0,45.0,0
3.0,17.0,0
28.0,1399.0,0
87.0,262.0,0
34.0,182.0,0
22.0,77.0,0
3.0,8.0,0
3.0,10.0,0
11.0,76.0,0
1.0,4.0,0
17.0,88.0,0
11.0,48.0,0
3.0,16.0,0
2.0,10.0,0
20.0,68.0,0
4.0,192.0,0
25.0,51.0,0
1.0,5.0,0
13.0,34.0,0
28.0,150.0,0
57.0,436.0,0
13.0,21.0,0
4.0,52.0,0
12.0,53.0,0
46.0,259.0,0
24.0,881.0,0
9.0,37.0,0
118.0,338.0,0
10.0,47.0,0
14.0,27.0,0
16.0,60.0,0
87.0,1620.0,0
52.0,186.0,0
10.0,87.0,0
10.0,68.0,0
12.0,111.0,0
121.0,749.0,0
3.0,7.0,0
27.0,1263.0,0
121.0,622.0,0
6.0,92.0,0
8.0,22.0,0
14.0,51.0,0
26.0,167.0,0
10.0,180.0,0
2.0,11.0,0
58.0,3027.0,0
55.0,142.0,0
1.0,3.0,0
13.0,90.0,0
46.0,680.0,0
1.0,1.0,0
5.0,17.0,0
9.0,55.0,0
3.0,7.0,0
12.0,110.0,0
5.0,16.0,0
14.0,36.0,0
7.0,25.0,0
2.0,4.0,0
12.0,74.0,0
12.0,81.0,0
12.0,76.0,0
6.0,39.0,0
3.0,11.0,0
34.0,151.0,0
17.0,127.0,0
4.0,27.0,0
1.0,3.0,0
14.0,348.0,0
1.0,6.0,0
1.0,4.0,0
20.0,593.0,0
12.0,109.0,0
5.0,86.0,0
4.0,24.0,0
2.0,11.0,0
6.0,13.0,0
2.0,9.0,0
13.0,121.0,0
31.0,517.0,0
16.0,26.0,0
11.0,147.0,0
1.0,4.0,0
75.0,187.0,0
75.0,344.0,0
5.0,62.0,0
18.0,78.0,0
28.0,508.0,0
6.0,44.0,0
57.0,246.0,0
58.0,415.0,0
13.0,92.0,0
10.0,75.0,0
22.0,55.0,0
15.0,61.0,0
4.0,18.0,0
7.0,35.0,0
69.0,386.0,0
7.0,14.0,0
23.0,322.0,0
7.0,59.0,0
9.0,79.0,0
17.0,56.0,0
10.0,53.0,0
5.0,294.0,0
17.0,51.0,0
14.0,219.0,0
34.0,250.0,0
1.0,2.0,0
11.0,42.0,0
3.0,17.0,0
18.0,481.0,0
12.0,203.0,0
7.0,55.0,0
1.0,5.0,0
25.0,593.0,0
6.0,59.0,0
31.0,87.0,0
5.0,24.0,0
22.0,224.0,0
4.0,27.0,0
24.0,387.0,0
49.0,1134.0,0
7.0,46.0,0
12.0,122.0,0
7.0,80.0,0
6.0,35.0,0
11.0,43.0,0
7.0,64.0,0
9.0,204.0,0
11.0,30.0,0
7.0,57.0,0
7.0,59.0,0
1.0,4.0,0
7.0,80.0,0
4.0,9.0,0
97.0,393.0,0
37.0,373.0,0
29.0,53.0,0
10.0,43.0,0
4.0,11.0,0
19.0,125.0,0
1.0,14.0,0
13.0,189.0,0
13.0,96.0,0
12.0,323.0,0
12.0,42.0,0
32.0,505.0,0
28.0,157.0,0
4.0,63.0,0
13.0,261.0,0
50.0,932.0,0
40.0,1795.0,0
3.0,13.0,0
46.0,3006.0,0
44.0,479.0,0
4.0,6.0,0
7.0,25.0,0
25.0,601.0,0
10.0,66.0,0
3.0,25.0,0
10.0,46.0,0
6.0,23.0,0
31.0,122.0,0
9.0,98.0,0
9.0,98.0,0
35.0,63.0,0
1.0,2.0,0
100.0,608.0,0
6.0,55.0,0
25.0,367.0,0
51.0,151.0,0
1.0,13.0,0
100.0,431.0,0
12.0,177.0,0
12.0,69.0,0
185.0,1763.0,0
4.0,16.0,0
8.0,68.0,0
5.0,80.0,0
10.0,97.0,0
4.0,104.0,0
18.0,913.0,0
4.0,30.0,0
5.0,67.0,0
24.0,110.0,0
11.0,103.0,0
11.0,60.0,0
23.0,114.0,0
41.0,535.0,0
32.0,628.0,0
5.0,23.0,0
47.0,815.0,0
42.0,331.0,0
42.0,331.0,0
3.0,6.0,0
12.0,62.0,0
4.0,36.0,0
3.0,31.0,0
37.0,126.0,0
10.0,17.0,0
5.0,53.0,0
24.0,540.0,0
8.0,27.0,0
11.0,81.0,0
107.0,3168.0,0
1.0,3.0,0
5.0,42.0,0
4.0,40.0,0
8.0,23.0,0
3.0,19.0,0
7.0,139.0,0
13.0,133.0,0
5.0,24.0,0
4.0,53.0,0
7.0,28.0,0
5.0,9.0,0
8.0,31.0,0
12.0,64.0,0
5.0,55.0,0
11.0,395.0,0
12.0,167.0,0
53.0,148.0,0
9.0,212.0,0
7.0,15.0,0
8.0,38.0,0
4.0,13.0,0
5.0,41.0,0
10.0,79.0,0
4.0,26.0,0
16.0,208.0,0
8.0,33.0,0
14.0,25.0,0
6.0,67.0,0
11.0,307.0,0
6.0,428.0,0
10.0,53.0,0
4.0,16.0,0
16.0,171.0,0
25.0,566.0,0
10.0,63.0,0
15.0,27.0,0
15.0,67.0,0
4.0,25.0,0
16.0,65.0,0
11.0,53.0,0
18.0,29.0,0
34.0,153.0,0
4.0,13.0,0
15.0,28.0,0
17.0,36.0,0
16.0,249.0,0
32.0,1026.0,0
25.0,897.0,0
15.0,89.0,0
3.0,89.0,0
5.0,17.0,0
45.0,140.0,0
17.0,26.0,0
14.0,90.0,0
12.0,161.0,0
51.0,270.0,0
11.0,41.0,0
6.0,38.0,0
34.0,126.0,0
14.0,188.0,0
12.0,68.0,0
9.0,30.0,0
28.0,125.0,0
52.0,140.0,0
4.0,18.0,0
11.0,59.0,0
13.0,150.0,0
1.0,14.0,0
26.0,855.0,0
9.0,21.0,0
12.0,125.0,0
1.0,16.0,0
12.0,227.0,0
33.0,145.0,0
12.0,94.0,0
45.0,180.0,0
78.0,645.0,0
107.0,1386.0,0
6.0,39.0,0
13.0,118.0,0
12.0,127.0,0
2.0,18.0,0
20.0,40.0,0
6.0,17.0,0
3.0,4.0,0
31.0,129.0,0
75.0,336.0,0
9.0,20.0,0
18.0,69.0,0
5.0,79.0,0
3.0,29.0,0
17.0,37.0,0
3.0,24.0,0
2.0,15.0,0
1.0,5.0,0
11.0,42.0,0
11.0,64.0,0
5.0,29.0,0
3.0,37.0,0
32.0,491.0,0
55.0,807.0,0
23.0,38.0,0
13.0,227.0,0
12.0,77.0,0
23.0,571.0,0
13.0,169.0,0
4.0,30.0,0
4.0,29.0,0
83.0,248.0,0
4.0,74.0,0
12.0,94.0,0
22.0,133.0,0
4.0,26.0,0
13.0,42.0,0
13.0,57.0,0
136.0,203.0,0
200.0,378.0,0
12.0,155.0,0
214.0,485.0,0
28.0,375.0,0
6.0,25.0,0
5.0,19.0,0
5.0,26.0,0
18.0,304.0,0
5.0,25.0,0
1.0,5.0,0
2.0,9.0,0
1.0,10.0,0
2.0,9.0,0
21.0,68.0,0
2.0,9.0,0
11.0,90.0,0
28.0,195.0,0
5.0,18.0,0
343.0,635.0,0
18.0,41.0,0
17.0,193.0,0
29.0,53.0,0
37.0,373.0,0
29.0,53.0,0
10.0,43.0,0
4.0,11.0,0
19.0,125.0,0
1.0,14.0,0
3.0,13.0,0
13.0,250.0,0
5.0,16.0,0
3.0,10.0,0
13.0,86.0,0
6.0,13.0,0
8.0,128.0,0
22.0,418.0,0
7.0,51.0,0
10.0,66.0,0
2.0,7.0,0
21.0,194.0,0
3.0,14.0,0
51.0,1003.0,0
7.0,16.0,0
22.0,216.0,0
11.0,71.0,0
2.0,8.0,0
235.0,1108.0,0
16.0,116.0,0
1.0,5.0,0
2.0,22.0,0
4.0,85.0,0
3.0,21.0,0
1.0,8.0,0
2.0,13.0,0
34.0,127.0,0
30.0,93.0,0
28.0,239.0,0
17.0,25.0,0
28.0,214.0,0
3.0,5.0,0
11.0,131.0,0
8.0,119.0,0
10.0,61.0,0
6.0,21.0,0
8.0,30.0,0
1.0,5.0,0
10.0,38.0,0
14.0,50.0,0
15.0,200.0,0
99.0,100.0,0
7.0,104.0,0
71.0,115.0,0
28.0,128.0,0
17.0,97.0,0
351.0,434.0,0
4.0,21.0,0
38.0,601.0,0
13.0,89.0,0
10.0,45.0,0
19.0,24.0,0
11.0,113.0,0
13.0,84.0,0
15.0,155.0,0
7.0,196.0,0
5.0,37.0,0
9.0,102.0,0
6.0,70.0,0
5.0,111.0,0
13.0,47.0,0
18.0,64.0,0
25.0,73.0,0
53.0,101.0,0
12.0,90.0,0
3.0,47.0,0
1.0,20.0,0
4.0,6.0,0
16.0,139.0,0
5.0,23.0,0
2.0,14.0,0
13.0,37.0,0
6.0,36.0,0
12.0,30.0,0
1.0,15.0,0
1.0,4.0,0
14.0,70.0,0
11.0,89.0,0
1.0,5.0,0
8.0,91.0,0
1.0,4.0,0
24.0,37.0,0
46.0,109.0,0
19.0,244.0,0
11.0,30.0,0
24.0,651.0,0
4.0,8.0,0
47.0,99.0,0
10.0,156.0,0
7.0,162.0,0
29.0,53.0,0
7.0,64.0,0
7.0,74.0,0
24.0,522.0,0
7.0,103.0,0
51.0,133.0,0
9.0,108.0,0
8.0,62.0,0
13.0,71.0,0
26.0,85.0,0
20.0,268.0,0
1.0,5.0,0
1.0,4.0,0
19.0,451.0,0
12.0,51.0,0
12.0,36.0,0
1.0,8.0,0
12.0,67.0,0
12.0,104.0,0
5.0,146.0,0
5.0,52.0,0
8.0,23.0,0
3.0,13.0,0
17.0,96.0,0
6.0,10.0,0
11.0,79.0,0
58.0,138.0,0
12.0,119.0,0
7.0,26.0,0
20.0,137.0,0
46.0,131.0,0
4.0,46.0,0
19.0,232.0,0
35.0,59.0,0
4.0,21.0,0
71.0,405.0,0
21.0,49.0,0
42.0,203.0,0
21.0,693.0,0
13.0,94.0,0
7.0,64.0,0
3.0,12.0,0
2.0,12.0,0
16.0,117.0,0
1.0,8.0,0
5.0,27.0,0
5.0,46.0,0
5.0,47.0,0
1.0,11.0,0
17.0,59.0,0
11.0,30.0,0
35.0,424.0,0
13.0,46.0,0
15.0,187.0,0
42.0,411.0,0
18.0,52.0,0
5.0,7.0,0
10.0,82.0,0
23.0,1479.0,0
34.0,200.0,0
17.0,178.0,0
17.0,178.0,0
17.0,178.0,0
14.0,145.0,0
4.0,15.0,0
9.0,32.0,0
14.0,67.0,0
3.0,12.0,0
9.0,72.0,0
10.0,59.0,0
25.0,751.0,0
2.0,20.0,0
12.0,41.0,0
3.0,14.0,0
6.0,257.0,0
6.0,24.0,0
3.0,17.0,0
12.0,82.0,0
13.0,133.0,0
6.0,238.0,0
12.0,123.0,0
47.0,95.0,0
50.0,346.0,0
4.0,39.0,0
16.0,115.0,0
19.0,300.0,0
66.0,1170.0,0
36.0,681.0,0
65.0,364.0,0
2.0,5.0,0
17.0,333.0,0
2.0,11.0,0
5.0,27.0,0
11.0,39.0,0
12.0,64.0,0
11.0,80.0,0
26.0,693.0,0
3.0,46.0,0
79.0,2631.0,0
8.0,17.0,0
4.0,10.0,0
26.0,693.0,0
4.0,42.0,0
11.0,98.0,0
6.0,154.0,0
11.0,107.0,0
19.0,121.0,0
9.0,29.0,0
3.0,13.0,0
4.0,19.0,0
19.0,341.0,0
7.0,50.0,0
21.0,153.0,0
1.0,7.0,0
5.0,45.0,0
6.0,11.0,0
11.0,30.0,0
8.0,106.0,0
4.0,8.0,0
4.0,28.0,0
7.0,63.0,0
13.0,76.0,0
5.0,57.0,0
4.0,37.0,0
2.0,4.0,0
5.0,65.0,0
9.0,35.0,0
4.0,25.0,0
15.0,120.0,0
75.0,286.0,0
10.0,36.0,0
27.0,694.0,0
5.0,44.0,0
27.0,238.0,0
49.0,1827.0,0
51.0,199.0,0
32.0,63.0,0
5.0,55.0,0
12.0,78.0,0
3.0,34.0,0
1.0,6.0,0
17.0,49.0,0
4.0,13.0,0
18.0,75.0,0
5.0,35.0,0
4.0,58.0,0
55.0,140.0,0
1.0,5.0,0
1.0,5.0,0
1.0,5.0,0
1.0,5.0,0
7.0,138.0,0
5.0,9.0,0
127.0,512.0,0
29.0,1192.0,0
5.0,34.0,0
200.0,377.0,0
10.0,81.0,0
8.0,194.0,0
5.0,40.0,0
34.0,367.0,0
1.0,3.0,0
5.0,27.0,0
38.0,124.0,0
15.0,103.0,0
46.0,178.0,0
5.0,17.0,0
12.0,116.0,0
4.0,13.0,0
2.0,21.0,0
10.0,50.0,0
1.0,5.0,0
3.0,15.0,0
235.0,1108.0,0
6.0,89.0,0
11.0,157.0,0
55.0,136.0,0
15.0,192.0,0
15.0,129.0,0
15.0,101.0,0
13.0,79.0,0
12.0,224.0,0
11.0,81.0,0
5.0,9.0,0
38.0,2349.0,0
4.0,16.0,0
4.0,8.0,0
47.0,1073.0,0
5.0,9.0,0
11.0,88.0,0
13.0,100.0,0
2.0,53.0,0
61.0,111.0,0
4.0,15.0,0
21.0,473.0,0
13.0,116.0,0
17.0,163.0,0
50.0,237.0,0
3.0,8.0,0
1.0,10.0,0
14.0,67.0,0
4.0,10.0,0
8.0,45.0,0
17.0,51.0,0
17.0,34.0,0
2.0,9.0,0
8.0,48.0,0
3.0,13.0,0
1.0,11.0,0
11.0,100.0,0
1.0,6.0,0
10.0,18.0,0
1.0,5.0,0
3.0,14.0,0
12.0,97.0,0
8.0,118.0,0
11.0,82.0,0
1.0,8.0,0
3.0,11.0,0
6.0,9.0,0
6.0,8.0,0
12.0,88.0,0
29.0,53.0,0
28.0,161.0,0
4.0,6.0,0
7.0,41.0,0
6.0,43.0,0
8.0,91.0,0
28.0,298.0,0
44.0,215.0,0
7.0,58.0,0
7.0,61.0,0
5.0,7.0,0
5.0,7.0,0
5.0,7.0,0
11.0,103.0,0
19.0,574.0,0
15.0,212.0,0
7.0,43.0,0
12.0,107.0,0
34.0,349.0,0
11.0,45.0,0
7.0,52.0,0
10.0,55.0,0
7.0,29.0,0
7.0,31.0,0
17.0,52.0,0
1.0,5.0,0
34.0,187.0,0
5.0,49.0,0
25.0,939.0,0
2.0,8.0,0
5.0,35.0,0
15.0,42.0,0
200.0,378.0,0
4.0,48.0,0
1.0,8.0,0
29.0,161.0,0
21.0,67.0,0
5.0,43.0,0
5.0,31.0,0
13.0,71.0,0
23.0,303.0,0
6.0,48.0,0
28.0,186.0,0
9.0,115.0,0
22.0,65.0,0
4.0,10.0,0
11.0,30.0,0
1.0,9.0,0
7.0,73.0,0
19.0,240.0,0
18.0,456.0,0
3.0,15.0,0
1.0,10.0,0
25.0,425.0,0
5.0,47.0,0
55.0,189.0,0
28.0,112.0,0
7.0,57.0,0
9.0,46.0,0
75.0,282.0,0
11.0,89.0,0
4.0,33.0,0
4.0,10.0,0
13.0,73.0,0
29.0,38.0,0
4.0,13.0,0
5.0,47.0,0
42.0,890.0,0
52.0,1617.0,0
59.0,204.0,0
34.0,2688.0,0
38.0,1345.0,0
12.0,47.0,0
6.0,47.0,0
4.0,61.0,0
102.0,3168.0,0
12.0,68.0,0
10.0,21.0,0
1.0,6.0,0
11.0,55.0,0
16.0,41.0,0
4.0,15.0,0
8.0,20.0,0
6.0,30.0,0
1.0,7.0,0
1.0,6.0,0
1.0,4.0,0
10.0,58.0,0
15.0,195.0,0
10.0,37.0,0
12.0,43.0,0
1.0,7.0,0
18.0,139.0,0
3.0,18.0,0
11.0,90.0,0
5.0,40.0,0
5.0,26.0,0
12.0,141.0,0
13.0,112.0,0
24.0,590.0,0
8.0,89.0,0
12.0,68.0,0
1.0,6.0,0
5.0,48.0,0
22.0,78.0,0
26.0,37.0,0
9.0,25.0,0
11.0,227.0,0
1.0,4.0,0
25.0,1738.0,0
11.0,160.0,0
12.0,112.0,0
1.0,4.0,0
11.0,38.0,0
98.0,315.0,0
70.0,638.0,0
4.0,95.0,0
12.0,122.0,0
11.0,147.0,0
8.0,190.0,0
6.0,34.0,0
6.0,30.0,0
6.0,61.0,0
3.0,8.0,0
9.0,211.0,0
1.0,2.0,0
4.0,29.0,0
23.0,317.0,0
7.0,36.0,0
13.0,168.0,0
18.0,77.0,0
7.0,71.0,0
1.0,1.0,0
1.0,6.0,0
12.0,54.0,0
87.0,909.0,0
81.0,678.0,0
37.0,880.0,0
45.0,1080.0,0
11.0,99.0,0
7.0,12.0,0
29.0,417.0,0
9.0,67.0,0
4.0,128.0,0
24.0,525.0,0
2.0,10.0,0
87.0,285.0,0
17.0,212.0,0
2.0,10.0,0
8.0,60.0,0
37.0,312.0,0
8.0,60.0,0
27.0,707.0,0
7.0,48.0,0
28.0,1589.0,0
39.0,40.0,0
60.0,500.0,0
11.0,38.0,0
4.0,28.0,0
8.0,110.0,0
3.0,22.0,0
55.0,255.0,0
11.0,98.0,0
10.0,38.0,0
16.0,41.0,0
6.0,23.0,0
87.0,283.0,0
11.0,219.0,0
14.0,52.0,0
27.0,156.0,0
10.0,61.0,0
18.0,511.0,0
11.0,40.0,0
3.0,11.0,0
7.0,48.0,0
90.0,321.0,0
10.0,183.0,0
12.0,29.0,0
29.0,209.0,0
4.0,20.0,0
5.0,38.0,0
11.0,30.0,0
7.0,90.0,0
10.0,57.0,0
25.0,1123.0,0
13.0,43.0,0
13.0,86.0,0
185.0,1787.0,0
4.0,31.0,0
31.0,274.0,0
11.0,211.0,0
5.0,183.0,0
6.0,75.0,0
12.0,38.0,0
9.0,153.0,0
12.0,144.0,0
6.0,55.0,0
16.0,322.0,0
5.0,54.0,0
6.0,38.0,0
3.0,6.0,0
13.0,155.0,0
22.0,91.0,0
29.0,53.0,0
2.0,10.0,0
35.0,1329.0,0
19.0,387.0,0
60.0,791.0,0
47.0,896.0,0
66.0,3334.0,0
9.0,205.0,0
5.0,22.0,0
7.0,113.0,0
9.0,64.0,0
6.0,24.0,0
17.0,25.0,0
17.0,164.0,0
11.0,38.0,0
11.0,38.0,0
6.0,74.0,0
12.0,119.0,0
21.0,641.0,0
5.0,44.0,0
11.0,130.0,0
22.0,90.0,0
12.0,95.0,0
11.0,92.0,0
1.0,2.0,0
9.0,15.0,0
18.0,408.0,0
3.0,8.0,0
3.0,20.0,0
26.0,37.0,0
3.0,37.0,0
3.0,13.0,0
1.0,7.0,0
8.0,45.0,0
7.0,87.0,0
1.0,3.0,0
43.0,227.0,0
55.0,1825.0,0
7.0,73.0,0
143.0,464.0,0
3.0,7.0,0
7.0,45.0,0
3.0,11.0,0
5.0,25.0,0
1.0,6.0,0
28.0,164.0,0
2.0,47.0,0
8.0,109.0,0
7.0,51.0,0
28.0,822.0,0
7.0,43.0,0
28.0,238.0,0
24.0,69.0,0
7.0,49.0,0
13.0,106.0,0
3.0,10.0,0
16.0,31.0,0
80.0,244.0,0
14.0,167.0,0
200.0,378.0,0
22.0,152.0,0
2.0,18.0,0
22.0,80.0,0
7.0,26.0,0
49.0,2015.0,0
21.0,89.0,0
22.0,127.0,0
3.0,11.0,0
22.0,102.0,0
4.0,12.0,0
34.0,193.0,0
17.0,177.0,0
12.0,34.0,0
5.0,9.0,0
5.0,9.0,0
5.0,9.0,0
25.0,157.0,0
5.0,9.0,0
5.0,9.0,0
14.0,64.0,0
10.0,47.0,0
1.0,8.0,0
11.0,92.0,0
22.0,92.0,0
22.0,55.0,0
27.0,941.0,0
8.0,31.0,0
10.0,49.0,0
5.0,9.0,0
22.0,55.0,0
22.0,53.0,0
17.0,94.0,0
22.0,69.0,0
2.0,5.0,0
6.0,63.0,0
5.0,9.0,0
5.0,9.0,0
22.0,56.0,0
5.0,9.0,0
5.0,8.0,0
7.0,118.0,0
5.0,8.0,0
5.0,9.0,0
15.0,96.0,0
13.0,66.0,0
7.0,20.0,0
8.0,33.0,0
9.0,37.0,0
51.0,263.0,0
15.0,65.0,0
51.0,1131.0,0
35.0,239.0,0
5.0,9.0,0
14.0,49.0,0
5.0,9.0,0
5.0,9.0,0
5.0,9.0,0
5.0,9.0,0
5.0,9.0,0
5.0,8.0,0
5.0,8.0,0
5.0,9.0,0
5.0,9.0,0
5.0,9.0,0
5.0,9.0,0
5.0,9.0,0
5.0,9.0,0
5.0,9.0,0
5.0,9.0,0
5.0,9.0,0
5.0,9.0,0
5.0,7.0,0
5.0,9.0,0
5.0,9.0,0
5.0,9.0,0
5.0,9.0,0
5.0,9.0,0
5.0,9.0,0
5.0,9.0,0
5.0,9.0,0
1.0,4.0,0
4.0,5.0,0
4.0,13.0,0
5.0,15.0,0
1.0,4.0,0
235.0,1094.0,0
1.0,7.0,0
53.0,1232.0,0
3.0,12.0,0
80.0,1029.0,0
16.0,22.0,0
55.0,1122.0,0
11.0,43.0,0
1.0,1.0,0
11.0,267.0,0
11.0,67.0,0
7.0,74.0,0
11.0,47.0,0
11.0,82.0,0
57.0,1160.0,0
1.0,1.0,0
14.0,20.0,0
1.0,6.0,0
1.0,7.0,0
14.0,20.0,0
28.0,358.0,0
5.0,13.0,0
5.0,17.0,0
2.0,5.0,0
5.0,15.0,0
1.0,7.0,0
45.0,258.0,0
3.0,4.0,0
2.0,4.0,0
28.0,447.0,0
15.0,82.0,0
20.0,26.0,0
1.0,21.0,0
2.0,14.0,0
15.0,20.0,0
82.0,5395.0,0
5.0,36.0,0
10.0,58.0,0
8.0,31.0,0
4.0,18.0,0
9.0,37.0,0
1.0,5.0,0
20.0,601.0,0
42.0,297.0,0
4.0,17.0,0
6.0,49.0,0
45.0,617.0,0
4.0,12.0,0
1.0,6.0,0
1.0,2.0,0
77.0,172.0,0
77.0,172.0,0
8.0,173.0,0
11.0,45.0,0
15.0,175.0,0
3.0,29.0,0
157.0,772.0,0
23.0,1361.0,0
15.0,162.0,0
41.0,686.0,0
38.0,3086.0,0
38.0,1161.0,0
47.0,1090.0,0
32.0,910.0,0
12.0,163.0,0
1.0,7.0,0
5.0,40.0,0
6.0,101.0,0
12.0,37.0,0
5.0,33.0,0
33.0,138.0,0
9.0,114.0,0
4.0,12.0,0
9.0,78.0,0
4.0,37.0,0
29.0,53.0,0
55.0,238.0,0
11.0,51.0,0
1.0,4.0,0
3.0,5.0,0
4.0,6.0,0
3.0,54.0,0
13.0,85.0,0
11.0,65.0,0
1.0,5.0,0
8.0,10.0,0
5.0,41.0,0
5.0,35.0,0
1.0,3.0,0
5.0,38.0,0
15.0,65.0,0
13.0,42.0,0
5.0,13.0,0
3.0,12.0,0
33.0,148.0,0
11.0,30.0,0
1.0,4.0,0
13.0,112.0,0
34.0,139.0,0
3.0,21.0,0
10.0,16.0,0
15.0,164.0,0
10.0,168.0,0
8.0,15.0,0
15.0,156.0,0
28.0,167.0,0
23.0,1081.0,0
2.0,19.0,0
200.0,377.0,0
17.0,143.0,0
8.0,42.0,0
5.0,16.0,0
22.0,568.0,0
15.0,122.0,0
15.0,116.0,0
10.0,87.0,0
15.0,97.0,0
7.0,99.0,0
13.0,101.0,0
15.0,37.0,0
5.0,46.0,0
9.0,23.0,0
11.0,30.0,0
23.0,47.0,0
6.0,37.0,0
25.0,64.0,0
25.0,64.0,0
10.0,149.0,0
4.0,28.0,0
40.0,132.0,0
40.0,130.0,0
20.0,136.0,0
52.0,1303.0,0
11.0,113.0,0
9.0,86.0,0
8.0,143.0,0
13.0,62.0,0
46.0,963.0,0
1.0,4.0,0
143.0,1538.0,0
1.0,1.0,0
32.0,490.0,0
32.0,571.0,0
27.0,558.0,0
52.0,1758.0,0
10.0,71.0,0
6.0,19.0,0
7.0,26.0,0
1.0,3.0,0
107.0,685.0,0
2.0,5.0,0
1.0,10.0,0
73.0,227.0,0
11.0,33.0,0
14.0,215.0,0
13.0,117.0,0
5.0,17.0,0
4.0,19.0,0
11.0,59.0,0
26.0,278.0,0
9.0,168.0,0
3.0,7.0,0
11.0,35.0,0
11.0,56.0,0
13.0,81.0,0
4.0,30.0,0
57.0,430.0,0
18.0,72.0,0
12.0,372.0,0
13.0,72.0,0
12.0,31.0,0
5.0,20.0,0
4.0,19.0,0
3.0,13.0,0
4.0,40.0,0
6.0,139.0,0
39.0,432.0,0
12.0,210.0,0
12.0,206.0,0
26.0,552.0,0
4.0,24.0,0
7.0,37.0,0
2.0,14.0,0
57.0,904.0,0
9.0,26.0,0
12.0,41.0,0
5.0,18.0,0
4.0,17.0,0
13.0,204.0,0
82.0,598.0,0
115.0,338.0,0
26.0,1223.0,0
13.0,107.0,0
7.0,23.0,0
12.0,68.0,0
12.0,33.0,0
1.0,4.0,0
7.0,23.0,0
9.0,17.0,0
4.0,6.0,0
4.0,6.0,0
4.0,10.0,0
18.0,598.0,0
4.0,15.0,0
8.0,61.0,0
9.0,32.0,0
65.0,542.0,0
9.0,34.0,0
10.0,55.0,0
8.0,35.0,0
7.0,23.0,0
1.0,10.0,0
4.0,39.0,0
11.0,30.0,0
6.0,44.0,0
12.0,63.0,0
2.0,17.0,0
1.0,23.0,0
8.0,62.0,0
12.0,91.0,0
1.0,9.0,0
10.0,72.0,0
24.0,146.0,0
1.0,7.0,0
32.0,549.0,0
32.0,505.0,0
1.0,5.0,0
1.0,12.0,0
3.0,14.0,0
7.0,38.0,0
40.0,673.0,0
85.0,1423.0,0
47.0,715.0,0
4.0,46.0,0
24.0,576.0,0
9.0,15.0,0
6.0,48.0,0
12.0,133.0,0
8.0,19.0,0
3.0,14.0,0
11.0,26.0,0
26.0,372.0,0
19.0,262.0,0
7.0,110.0,0
15.0,84.0,0
40.0,179.0,0
4.0,5.0,0
4.0,20.0,0
6.0,45.0,0
5.0,15.0,0
199.0,375.0,0
25.0,2458.0,0
3.0,26.0,0
1.0,5.0,0
2.0,7.0,0
15.0,77.0,0
2.0,7.0,0
2.0,9.0,0
19.0,96.0,0
6.0,22.0,0
1.0,3.0,0
7.0,22.0,0
9.0,29.0,0
157.0,359.0,0
2.0,7.0,0
2.0,7.0,0
5.0,106.0,0
10.0,175.0,0
1.0,15.0,0
9.0,14.0,0
7.0,41.0,0
7.0,29.0,0
21.0,61.0,0
11.0,40.0,0
45.0,237.0,0
30.0,85.0,0
20.0,1356.0,0
2.0,10.0,0
6.0,95.0,0
9.0,76.0,0
2.0,10.0,0
8.0,50.0,0
4.0,16.0,0
16.0,193.0,0
11.0,49.0,0
8.0,43.0,0
24.0,418.0,0
29.0,53.0,0
6.0,23.0,0
8.0,47.0,0
11.0,41.0,0
11.0,114.0,0
3.0,20.0,0
76.0,199.0,0
8.0,142.0,0
1.0,8.0,0
4.0,18.0,0
12.0,132.0,0
1.0,11.0,0
8.0,31.0,0
2.0,9.0,0
62.0,411.0,0
5.0,39.0,0
38.0,600.0,0
76.0,198.0,0
13.0,85.0,0
7.0,29.0,0
7.0,28.0,0
24.0,142.0,0
4.0,9.0,0
6.0,12.0,0
11.0,64.0,0
12.0,130.0,0
22.0,665.0,0
13.0,78.0,0
12.0,28.0,0
12.0,115.0,0
38.0,420.0,0
7.0,58.0,0
7.0,15.0,0
1.0,14.0,0
3.0,7.0,0
12.0,83.0,0
3.0,9.0,0
4.0,11.0,0
2.0,5.0,0
17.0,230.0,0
1.0,5.0,0
2.0,8.0,0
3.0,13.0,0
11.0,103.0,0
17.0,148.0,0
13.0,168.0,0
11.0,51.0,0
81.0,653.0,0
10.0,17.0,0
17.0,112.0,0
4.0,28.0,0
9.0,44.0,0
12.0,105.0,0
11.0,32.0,0
4.0,7.0,0
1.0,6.0,0
35.0,251.0,0
9.0,25.0,0
76.0,201.0,0
1.0,6.0,0
34.0,146.0,0
10.0,156.0,0
11.0,26.0,0
11.0,26.0,0
11.0,37.0,0
7.0,48.0,0
8.0,317.0,0
42.0,321.0,0
48.0,319.0,0
12.0,391.0,0
24.0,577.0,0
12.0,76.0,0
8.0,82.0,0
200.0,377.0,0
44.0,319.0,0
9.0,89.0,0
19.0,155.0,0
11.0,156.0,0
7.0,129.0,0
7.0,129.0,0
18.0,260.0,0
157.0,380.0,0
18.0,184.0,0
4.0,14.0,0
18.0,69.0,0
1.0,5.0,0
1.0,4.0,0
17.0,311.0,0
3.0,37.0,0
23.0,888.0,0
18.0,552.0,0
12.0,64.0,0
4.0,5.0,0
7.0,16.0,0
11.0,46.0,0
5.0,35.0,0
8.0,52.0,0
8.0,10.0,0
14.0,94.0,0
1.0,4.0,0
11.0,40.0,0
1.0,6.0,0
14.0,270.0,0
14.0,276.0,0
23.0,466.0,0
17.0,112.0,0
32.0,507.0,0
81.0,3337.0,0
7.0,31.0,0
38.0,237.0,0
6.0,18.0,0
10.0,54.0,0
12.0,339.0,0
15.0,188.0,0
64.0,148.0,0
12.0,68.0,0
12.0,16.0,0
15.0,69.0,0
26.0,77.0,0
13.0,59.0,0
8.0,22.0,0
21.0,395.0,0
6.0,25.0,0
9.0,36.0,0
11.0,30.0,0
11.0,30.0,0
19.0,296.0,0
4.0,17.0,0
3.0,69.0,0
1.0,16.0,0
29.0,53.0,0
3.0,24.0,0
5.0,69.0,0
34.0,127.0,0
23.0,623.0,0
8.0,37.0,0
21.0,403.0,0
39.0,100.0,0
1.0,12.0,0
5.0,12.0,0
1.0,3.0,0
1.0,5.0,0
5.0,13.0,0
1.0,6.0,0
4.0,18.0,0
1.0,5.0,0
1.0,5.0,0
1.0,5.0,0
1.0,3.0,0
1.0,5.0,0
5.0,30.0,0
1.0,5.0,0
1.0,5.0,0
1.0,7.0,0
1.0,5.0,0
1.0,5.0,0
1.0,5.0,0
1.0,4.0,0
1.0,5.0,0
1.0,5.0,0
1.0,5.0,0
1.0,5.0,0
1.0,5.0,0
1.0,4.0,0
6.0,26.0,0
1.0,6.0,0
1.0,5.0,0
1.0,4.0,0
7.0,32.0,0
1.0,6.0,0
1.0,3.0,0
1.0,5.0,0
1.0,5.0,0
1.0,5.0,0
3.0,6.0,0
1.0,5.0,0
5.0,11.0,0
3.0,6.0,0
1.0,5.0,0
7.0,10.0,0
6.0,9.0,0
1.0,5.0,0
1.0,4.0,0
1.0,5.0,0
1.0,5.0,0
1.0,5.0,0
1.0,5.0,0
1.0,5.0,0
1.0,5.0,0
1.0,5.0,0
1.0,5.0,0
1.0,5.0,0
1.0,5.0,0
1.0,5.0,0
1.0,5.0,0
3.0,6.0,0
1.0,5.0,0
3.0,6.0,0
1.0,3.0,0
1.0,4.0,0
1.0,6.0,0
1.0,5.0,0
1.0,6.0,0
1.0,5.0,0
1.0,5.0,0
1.0,5.0,0
1.0,5.0,0
1.0,6.0,0
1.0,5.0,0
1.0,5.0,0
1.0,5.0,0
1.0,5.0,0
1.0,5.0,0
1.0,5.0,0
1.0,5.0,0
1.0,5.0,0
1.0,5.0,0
1.0,5.0,0
1.0,5.0,0
1.0,5.0,0
1.0,5.0,0
1.0,5.0,0
2.0,7.0,0
1.0,5.0,0
1.0,5.0,0
1.0,5.0,0
1.0,5.0,0
1.0,5.0,0
1.0,3.0,0
1.0,4.0,0
4.0,8.0,0
1.0,5.0,0
1.0,5.0,0
1.0,5.0,0
1.0,5.0,0
8.0,10.0,0
4.0,6.0,0
1.0,7.0,0
1.0,5.0,0
2.0,8.0,0
33.0,398.0,0
1.0,3.0,0
1.0,4.0,0
1.0,3.0,0
1.0,3.0,0
1.0,4.0,0
1.0,3.0,0
1.0,3.0,0
1.0,4.0,0
1.0,3.0,0
1.0,3.0,0
1.0,3.0,0
4.0,6.0,0
3.0,14.0,0
20.0,485.0,0
12.0,54.0,0
30.0,2051.0,0
6.0,40.0,0
37.0,272.0,0
18.0,42.0,0
17.0,143.0,0
10.0,150.0,0
3.0,40.0,0
1.0,6.0,0
55.0,931.0,0
7.0,50.0,0
10.0,18.0,0
12.0,28.0,0
6.0,23.0,0
33.0,511.0,0
81.0,1031.0,0
45.0,706.0,0
11.0,44.0,0
6.0,35.0,0
13.0,91.0,0
20.0,787.0,0
1.0,11.0,0
34.0,127.0,0
19.0,295.0,0
15.0,128.0,0
19.0,203.0,0
3.0,56.0,0
36.0,3467.0,0
1.0,4.0,0
1.0,3.0,0
15.0,117.0,0
1.0,7.0,0
8.0,28.0,0
18.0,116.0,0
5.0,14.0,0
2.0,5.0,0
6.0,69.0,0
82.0,582.0,0
11.0,54.0,0
13.0,94.0,0
11.0,113.0,0
10.0,122.0,0
18.0,141.0,0
18.0,141.0,0
11.0,43.0,0
13.0,126.0,0
74.0,207.0,0
13.0,103.0,0
31.0,469.0,0
5.0,99.0,0
11.0,67.0,0
2.0,29.0,0
9.0,89.0,0
9.0,15.0,0
6.0,32.0,0
3.0,20.0,0
4.0,6.0,0
45.0,411.0,0
42.0,500.0,0
17.0,190.0,0
15.0,104.0,0
45.0,249.0,0
6.0,93.0,0
2.0,7.0,0
79.0,316.0,0
7.0,147.0,0
1.0,11.0,0
5.0,22.0,0
5.0,16.0,0
1.0,22.0,0
2.0,5.0,0
7.0,18.0,0
9.0,41.0,0
29.0,53.0,0
1.0,3.0,0
7.0,44.0,0
42.0,330.0,0
4.0,19.0,0
8.0,50.0,0
30.0,81.0,0
13.0,173.0,0
2.0,18.0,0
4.0,29.0,0
24.0,659.0,0
63.0,545.0,0
4.0,27.0,0
4.0,42.0,0
24.0,720.0,0
6.0,109.0,0
24.0,35.0,0
6.0,29.0,0
4.0,12.0,0
5.0,50.0,0
8.0,58.0,0
3.0,12.0,0
4.0,12.0,0
1.0,2.0,0
7.0,204.0,0
13.0,44.0,0
4.0,23.0,0
10.0,112.0,0
11.0,39.0,0
55.0,190.0,0
4.0,12.0,0
3.0,17.0,0
47.0,180.0,0
26.0,73.0,0
54.0,167.0,0
20.0,421.0,0
3.0,8.0,0
45.0,248.0,0
13.0,35.0,0
15.0,49.0,0
15.0,27.0,0
1.0,3.0,0
3.0,17.0,0
17.0,87.0,0
14.0,85.0,0
19.0,120.0,0
1.0,10.0,0
9.0,69.0,0
10.0,74.0,0
1.0,7.0,0
3.0,6.0,0
13.0,130.0,0
12.0,77.0,0
5.0,33.0,0
7.0,136.0,0
12.0,28.0,0
20.0,1184.0,0
1.0,8.0,0
27.0,575.0,0
11.0,80.0,0
12.0,107.0,0
47.0,393.0,0
5.0,14.0,0
3.0,16.0,0
7.0,97.0,0
12.0,108.0,0
42.0,75.0,0
9.0,108.0,0
4.0,36.0,0
2.0,3.0,0
54.0,138.0,0
6.0,42.0,0
40.0,53.0,0
4.0,21.0,0
13.0,155.0,0
13.0,107.0,0
55.0,191.0,0
18.0,511.0,0
6.0,85.0,0
53.0,56.0,0
3.0,7.0,0
26.0,605.0,0
200.0,376.0,0
6.0,28.0,0
11.0,49.0,0
13.0,149.0,0
4.0,15.0,0
3.0,31.0,0
26.0,597.0,0
11.0,54.0,0
11.0,53.0,0
11.0,101.0,0
7.0,28.0,0
19.0,128.0,0
20.0,506.0,0
3.0,34.0,0
13.0,207.0,0
12.0,76.0,0
33.0,177.0,0
19.0,76.0,0
7.0,31.0,0
6.0,88.0,0
6.0,86.0,0
1.0,4.0,0
3.0,9.0,0
4.0,18.0,0
8.0,98.0,0
3.0,18.0,0
1.0,8.0,0
8.0,93.0,0
12.0,80.0,0
13.0,122.0,0
20.0,208.0,0
35.0,534.0,0
11.0,50.0,0
11.0,48.0,0
12.0,307.0,0
1.0,18.0,0
1.0,6.0,0
47.0,472.0,0
8.0,88.0,0
6.0,26.0,0
11.0,187.0,0
8.0,63.0,0
27.0,210.0,0
11.0,39.0,0
7.0,45.0,0
17.0,76.0,0
17.0,19.0,0
21.0,189.0,0
13.0,152.0,0
8.0,19.0,0
66.0,746.0,0
11.0,51.0,0
4.0,5.0,0
8.0,35.0,0
8.0,81.0,0
5.0,6.0,0
21.0,79.0,0
20.0,646.0,0
18.0,256.0,0
29.0,53.0,0
27.0,559.0,0
12.0,120.0,0
8.0,42.0,0
19.0,227.0,0
3.0,59.0,0
1.0,4.0,0
1.0,3.0,0
33.0,738.0,0
1.0,7.0,0
11.0,105.0,0
6.0,25.0,0
28.0,114.0,0
11.0,49.0,0
4.0,10.0,0
12.0,108.0,0
5.0,22.0,0
44.0,665.0,0
32.0,485.0,0
36.0,827.0,0
36.0,598.0,0
66.0,1387.0,0
9.0,83.0,0
12.0,334.0,0
12.0,124.0,0
10.0,77.0,0
3.0,10.0,0
31.0,77.0,0
13.0,76.0,0
1.0,12.0,0
54.0,3003.0,0
4.0,24.0,0
28.0,290.0,0
16.0,171.0,0
1.0,7.0,0
35.0,461.0,0
64.0,196.0,0
1.0,14.0,0
14.0,237.0,0
20.0,363.0,0
5.0,13.0,0
20.0,540.0,0
8.0,39.0,0
15.0,54.0,0
18.0,42.0,0
1.0,11.0,0
26.0,124.0,0
24.0,629.0,0
11.0,48.0,0
26.0,111.0,0
20.0,576.0,0
6.0,19.0,0
11.0,105.0,0
6.0,30.0,0
2.0,18.0,0
5.0,99.0,0
4.0,25.0,0
3.0,8.0,0
55.0,191.0,0
18.0,120.0,0
1.0,4.0,0
12.0,122.0,0
2.0,17.0,0
208.0,508.0,0
4.0,22.0,0
18.0,106.0,0
34.0,885.0,0
13.0,232.0,0
5.0,146.0,0
5.0,60.0,0
3.0,18.0,0
5.0,45.0,0
2.0,11.0,0
2.0,12.0,0
11.0,277.0,0
21.0,1056.0,0
10.0,37.0,0
28.0,89.0,0
14.0,125.0,0
15.0,105.0,0
13.0,299.0,0
2.0,7.0,0
2.0,7.0,0
152.0,705.0,0
10.0,61.0,0
1.0,18.0,0
15.0,31.0,0
11.0,95.0,0
6.0,17.0,0
3.0,26.0,0
38.0,82.0,0
12.0,61.0,0
3.0,15.0,0
26.0,591.0,0
13.0,69.0,0
1.0,5.0,0
20.0,181.0,0
5.0,8.0,0
12.0,46.0,0
7.0,33.0,0
4.0,18.0,0
13.0,188.0,0
5.0,108.0,0
11.0,54.0,0
52.0,83.0,0
13.0,76.0,0
29.0,871.0,0
10.0,63.0,0
9.0,135.0,0
24.0,179.0,0
15.0,83.0,0
7.0,19.0,0
7.0,120.0,0
11.0,31.0,0
11.0,30.0,0
11.0,169.0,0
2.0,5.0,0
12.0,140.0,0
17.0,112.0,0
15.0,182.0,0
8.0,65.0,0
24.0,740.0,0
15.0,61.0,0
10.0,53.0,0
10.0,13.0,0
13.0,167.0,0
12.0,78.0,0
29.0,88.0,0
24.0,121.0,0
11.0,74.0,0
12.0,65.0,0
1.0,8.0,0
12.0,37.0,0
11.0,31.0,0
9.0,11.0,0
11.0,55.0,0
4.0,36.0,0
11.0,87.0,0
2.0,14.0,0
1.0,5.0,0
15.0,68.0,0
10.0,31.0,0
3.0,53.0,0
6.0,55.0,0
1.0,14.0,0
2.0,9.0,0
11.0,68.0,0
5.0,25.0,0
7.0,44.0,0
3.0,31.0,0
5.0,32.0,0
5.0,70.0,0
4.0,22.0,0
4.0,51.0,0
5.0,13.0,0
27.0,142.0,0
1.0,5.0,0
5.0,43.0,0
4.0,96.0,0
1.0,6.0,0
1.0,6.0,0
5.0,34.0,0
2.0,9.0,0
5.0,51.0,0
7.0,75.0,0
4.0,24.0,0
5.0,26.0,0
1.0,30.0,0
15.0,137.0,0
3.0,14.0,0
3.0,31.0,0
1.0,8.0,0
1.0,9.0,0
3.0,20.0,0
5.0,14.0,0
1.0,7.0,0
5.0,22.0,0
5.0,16.0,0
3.0,12.0,0
16.0,179.0,0
6.0,45.0,0
5.0,51.0,0
5.0,45.0,0
4.0,30.0,0
1.0,9.0,0
5.0,50.0,0
1.0,7.0,0
9.0,272.0,0
3.0,20.0,0
11.0,24.0,0
2.0,8.0,0
3.0,30.0,0
4.0,37.0,0
4.0,26.0,0
1.0,10.0,0
1.0,11.0,0
1.0,6.0,0
4.0,29.0,0
5.0,20.0,0
2.0,28.0,0
11.0,183.0,0
5.0,35.0,0
7.0,24.0,0
7.0,14.0,0
5.0,24.0,0
1.0,13.0,0
14.0,134.0,0
15.0,83.0,0
1.0,14.0,0
1.0,9.0,0
12.0,77.0,0
12.0,37.0,0
17.0,97.0,0
15.0,70.0,0
1.0,8.0,0
15.0,74.0,0
2.0,11.0,0
63.0,73.0,0
5.0,49.0,0
1.0,8.0,0
7.0,52.0,0
5.0,27.0,0
7.0,34.0,0
17.0,226.0,0
6.0,44.0,0
4.0,24.0,0
4.0,49.0,0
55.0,71.0,0
29.0,425.0,0
1.0,7.0,0
3.0,36.0,0
4.0,30.0,0
4.0,31.0,0
17.0,40.0,0
4.0,16.0,0
5.0,71.0,0
5.0,32.0,0
5.0,19.0,0
15.0,101.0,0
20.0,124.0,0
1.0,5.0,0
9.0,1310.0,0
7.0,35.0,0
5.0,32.0,0
47.0,97.0,0
18.0,182.0,0
9.0,39.0,0
47.0,116.0,0
47.0,94.0,0
47.0,74.0,0
47.0,119.0,0
47.0,106.0,0
47.0,83.0,0
47.0,69.0,0
47.0,82.0,0
47.0,191.0,0
47.0,92.0,0
5.0,46.0,0
47.0,91.0,0
47.0,76.0,0
47.0,167.0,0
47.0,109.0,0
47.0,78.0,0
47.0,116.0,0
9.0,328.0,0
47.0,306.0,0
47.0,187.0,0
47.0,192.0,0
2.0,31.0,0
16.0,97.0,0
4.0,56.0,0
51.0,90.0,0
51.0,91.0,0
51.0,83.0,0
51.0,94.0,0
51.0,81.0,0
51.0,90.0,0
51.0,147.0,0
51.0,158.0,0
1.0,22.0,0
51.0,114.0,0
51.0,83.0,0
51.0,119.0,0
16.0,71.0,0
16.0,52.0,0
4.0,35.0,0
51.0,97.0,0
51.0,137.0,0
47.0,118.0,0
47.0,108.0,0
15.0,39.0,0
47.0,70.0,0
47.0,108.0,0
47.0,84.0,0
47.0,89.0,0
47.0,91.0,0
6.0,26.0,0
47.0,86.0,0
47.0,91.0,0
4.0,38.0,0
4.0,43.0,0
2.0,22.0,0
6.0,34.0,0
12.0,72.0,0
6.0,54.0,0
4.0,24.0,0
4.0,23.0,0
13.0,116.0,0
55.0,70.0,0
55.0,159.0,0
55.0,104.0,0
4.0,25.0,0
1.0,31.0,0
70.0,290.0,0
9.0,58.0,0
4.0,47.0,0
3.0,101.0,0
5.0,19.0,0
1.0,18.0,0
3.0,56.0,0
5.0,10.0,0
1.0,35.0,0
4.0,54.0,0
1.0,26.0,0
1.0,8.0,0
4.0,22.0,0
21.0,159.0,0
21.0,85.0,0
4.0,33.0,0
4.0,28.0,0
4.0,14.0,0
2.0,15.0,0
4.0,24.0,0
4.0,16.0,0
3.0,35.0,0
1.0,6.0,0
21.0,42.0,0
11.0,155.0,0
5.0,43.0,0
18.0,80.0,0
4.0,69.0,0
4.0,41.0,0
1.0,35.0,0
11.0,118.0,0
5.0,51.0,0
6.0,39.0,0
11.0,118.0,0
14.0,60.0,0
9.0,63.0,0
4.0,32.0,0
1.0,6.0,0
21.0,55.0,0
21.0,47.0,0
21.0,36.0,0
21.0,39.0,0
21.0,33.0,0
17.0,115.0,0
3.0,18.0,0
21.0,40.0,0
43.0,359.0,0
43.0,614.0,0
43.0,334.0,0
43.0,328.0,0
43.0,354.0,0
21.0,40.0,0
21.0,39.0,0
21.0,35.0,0
43.0,418.0,0
6.0,24.0,0
43.0,394.0,0
21.0,96.0,0
21.0,43.0,0
16.0,144.0,0
8.0,29.0,0
12.0,129.0,0
36.0,290.0,0
48.0,76.0,0
11.0,35.0,0
22.0,99.0,0
2.0,29.0,0
6.0,72.0,0
5.0,17.0,0
43.0,228.0,0
19.0,383.0,0
3.0,11.0,0
3.0,12.0,0
10.0,54.0,0
9.0,123.0,0
4.0,43.0,0
4.0,22.0,0
2.0,37.0,0
15.0,84.0,0
55.0,226.0,0
24.0,40.0,0
9.0,297.0,0
9.0,49.0,0
43.0,356.0,0
3.0,17.0,0
1.0,10.0,0
43.0,412.0,0
1.0,12.0,0
1.0,31.0,0
43.0,319.0,0
43.0,328.0,0
43.0,311.0,0
43.0,448.0,0
43.0,266.0,0
4.0,20.0,0
3.0,28.0,0
5.0,44.0,0
1.0,9.0,0
1.0,9.0,0
1.0,23.0,0
1.0,7.0,0
3.0,16.0,0
19.0,286.0,0
14.0,128.0,0
15.0,77.0,0
1.0,10.0,0
18.0,136.0,0
31.0,141.0,0
8.0,75.0,0
6.0,77.0,0
1.0,33.0,0
8.0,35.0,0
4.0,26.0,0
12.0,202.0,0
12.0,83.0,0
34.0,159.0,0
15.0,49.0,0
55.0,82.0,0
14.0,53.0,0
77.0,184.0,0
12.0,71.0,0
1.0,18.0,0
63.0,419.0,0
63.0,427.0,0
71.0,201.0,0
71.0,201.0,0
3.0,13.0,0
1.0,3.0,0
14.0,100.0,0
11.0,61.0,0
2.0,27.0,0
20.0,169.0,0
1.0,3.0,0
15.0,97.0,0
15.0,121.0,0
1.0,4.0,0
9.0,261.0,0
1.0,5.0,0
18.0,214.0,0
18.0,39.0,0
1.0,7.0,0
30.0,330.0,0
1.0,17.0,0
1.0,4.0,0
13.0,61.0,0
2.0,9.0,0
1.0,17.0,0
1.0,68.0,0
1.0,3.0,0
3.0,21.0,0
5.0,41.0,0
8.0,32.0,0
5.0,17.0,0
13.0,64.0,0
21.0,165.0,0
7.0,389.0,0
5.0,27.0,0
5.0,26.0,0
4.0,17.0,0
4.0,14.0,0
1.0,7.0,0
11.0,39.0,0
8.0,41.0,0
11.0,50.0,0
31.0,63.0,0
81.0,285.0,0
1.0,12.0,0
9.0,18.0,0
68.0,157.0,0
14.0,80.0,0
1.0,4.0,0
9.0,76.0,0
8.0,29.0,0
39.0,246.0,0
1.0,4.0,0
13.0,37.0,0
1.0,4.0,0
6.0,24.0,0
23.0,326.0,0
15.0,121.0,0
10.0,136.0,0
5.0,67.0,0
5.0,11.0,0
17.0,172.0,0
107.0,244.0,0
107.0,178.0,0
8.0,195.0,0
7.0,146.0,0
5.0,14.0,0
55.0,60.0,0
16.0,80.0,0
15.0,62.0,0
15.0,59.0,0
2.0,32.0,0
15.0,56.0,0
15.0,41.0,0
15.0,108.0,0
27.0,69.0,0
1.0,2.0,0
11.0,68.0,0
5.0,86.0,0
5.0,64.0,0
15.0,70.0,0
1.0,5.0,0
10.0,40.0,0
70.0,266.0,0
70.0,289.0,0
70.0,323.0,0
55.0,67.0,0
55.0,147.0,0
1.0,16.0,0
97.0,414.0,0
70.0,300.0,0
122.0,390.0,0
70.0,265.0,0
59.0,128.0,0
70.0,333.0,0
70.0,559.0,0
70.0,314.0,0
55.0,282.0,0
55.0,282.0,0
5.0,53.0,0
55.0,282.0,0
70.0,285.0,0
70.0,422.0,0
70.0,303.0,0
70.0,605.0,0
11.0,80.0,0
68.0,101.0,0
2.0,10.0,0
4.0,28.0,0
7.0,74.0,0
5.0,131.0,0
6.0,45.0,0
16.0,72.0,0
73.0,160.0,0
1.0,8.0,0
1.0,5.0,0
4.0,8.0,0
17.0,207.0,0
48.0,53.0,0
16.0,135.0,0
15.0,49.0,0
3.0,13.0,0
3.0,5.0,0
15.0,51.0,0
15.0,40.0,0
15.0,45.0,0
3.0,7.0,0
15.0,39.0,0
2.0,3.0,0
2.0,29.0,0
7.0,42.0,0
15.0,144.0,0
5.0,77.0,0
1.0,7.0,0
15.0,65.0,0
1.0,6.0,0
1.0,1.0,0
4.0,23.0,0
2.0,55.0,0
1.0,1.0,0
23.0,311.0,0
35.0,499.0,0
124.0,1315.0,0
11.0,61.0,0
1.0,18.0,0
116.0,294.0,0
8.0,122.0,0
3.0,33.0,0
1.0,40.0,0
3.0,55.0,0
16.0,34.0,0
15.0,51.0,0
15.0,54.0,0
15.0,27.0,0
15.0,50.0,0
8.0,61.0,0
14.0,29.0,0
15.0,53.0,0
3.0,34.0,0
8.0,30.0,0
14.0,58.0,0
11.0,27.0,0
15.0,50.0,0
15.0,103.0,0
15.0,68.0,0
15.0,70.0,0
5.0,145.0,0
15.0,180.0,0
16.0,164.0,0
15.0,73.0,0
15.0,105.0,0
1.0,1.0,0
15.0,50.0,0
5.0,37.0,0
14.0,52.0,0
19.0,329.0,0
15.0,537.0,0
1.0,9.0,0
15.0,82.0,0
17.0,267.0,0
15.0,98.0,0
12.0,68.0,0
3.0,14.0,0
4.0,14.0,0
3.0,15.0,0
4.0,25.0,0
12.0,76.0,0
4.0,21.0,0
3.0,38.0,0
3.0,5.0,0
5.0,32.0,0
5.0,29.0,0
1.0,9.0,0
4.0,11.0,0
18.0,32.0,0
4.0,27.0,0
1.0,6.0,0
5.0,25.0,0
4.0,8.0,0
6.0,106.0,0
1.0,2.0,0
4.0,25.0,0
3.0,10.0,0
15.0,65.0,0
15.0,57.0,0
2.0,5.0,0
5.0,7.0,0
6.0,12.0,0
2.0,14.0,0
3.0,4.0,0
5.0,43.0,0
18.0,60.0,0
3.0,4.0,0
5.0,75.0,0
5.0,69.0,0
1.0,10.0,0
15.0,93.0,0
12.0,244.0,0
4.0,54.0,0
1.0,7.0,0
1.0,7.0,0
5.0,28.0,0
11.0,59.0,0
3.0,128.0,0
11.0,55.0,0
3.0,78.0,0
5.0,108.0,0
15.0,90.0,0
1.0,42.0,0
3.0,38.0,0
5.0,98.0,0
1.0,13.0,0
11.0,137.0,0
6.0,61.0,0
11.0,43.0,0
5.0,64.0,0
3.0,24.0,0
5.0,70.0,0
43.0,1789.0,0
5.0,11.0,0
4.0,46.0,0
3.0,19.0,0
13.0,70.0,0
7.0,123.0,0
4.0,11.0,0
21.0,174.0,0
4.0,28.0,0
2.0,10.0,0
1.0,22.0,0
11.0,79.0,0
1.0,8.0,0
4.0,27.0,0
1.0,6.0,0
5.0,19.0,0
1.0,24.0,0
3.0,88.0,0
4.0,14.0,0
6.0,118.0,0
5.0,78.0,0
5.0,40.0,0
